clusterID	SRR12801019_SRR12801020	SRR12801019_SRR12801024	SRR12801023_SRR12801020	SRR12801023_SRR12801024
chr1:28205306-28232920:-	0.010861849649712	4.5582494309815294e-10	0.0267951315502492	5.5917357834754285e-09
chr1:28205349-28208341:-	0.0026717808681868	3.1296873370763075e-10	0.0180729439314315	1.7807532201384336e-08
chr1:28208413-28209971:-	0.0100309013385942	1.961081234863418e-08	0.0059340944262469	1.0731584541368571e-08
chr1:28210637-28214939:-	0.0058455896102118	9.881325427511804e-09	0.0237352284281395	2.2030995040111885e-07
chr1:28214996-28228921:-	0.0059727036594899	6.314605582404717e-09	0.0249540628307865	1.626918900850022e-07
chr1:32329160-32330577:+	0.0084520510666218	3.372808071659506e-05	0.0002554952736729	1.4282577988359902e-07
chr1:32791254-32797591:+	0.0011371620356147	8.097636311648826e-07	0.0036649600107571	9.6312065531378e-06
chr1:32791254-32797762:+	0.0078955207670849	2.982404778129892e-07	0.0010020564116151	5.6704724667167316e-08
chr1:38866999-38873017:+	0.0028460362604677	0.000709290714777	0.0013857205631705	0.0003218835956944
chr1:38867009-38867561:+	0.0055059537400092	0.0012640832858537	0.0012062058968786	0.0002817162649282
chr1:45602365-45604916:+	2.896956637951528e-10	3.698733885696455e-09	1.5312583475672694e-11	5.326140564369617e-10
chr1:45602365-45604916:-	1.4616429419706169e-06	2.2864668094737882e-07	0.0003215405737779	9.556311500953352e-05
chr1:45602365-45604935:+	8.2901611773454e-06	3.6025294356361607e-06	5.239995543233662e-08	3.8871616555506576e-08
chr1:67424322-67424887:-	0.0045172051109911	6.464478141362435e-10	0.0276597085438827	5.00822173453212e-08
chr1:67424959-67425082:+	4.833822983334715e-22	9.896356402025188e-26	4.393734079406799e-23	1.353049560363518e-26
chr1:67424959-67425082:-	5.8742720367056405e-39	2.4144845658712683e-52	9.002838758069632e-29	1.857384098239954e-40
chr1:67424959-67426162:-	0.025467457705857	0.0002314949453636	0.0005252592436844	2.69904803920942e-06
chr1:67424977-67425082:+	2.722168696911449e-16	8.911602692112318e-18	3.828433524392497e-18	2.280164232944452e-19
chr1:67424977-67425082:-	6.142230386372557e-28	1.457812754582226e-36	5.114718123597566e-19	4.088319747067928e-26
chr1:67425223-67426134:-	0.0001441825781626	4.255451895008639e-05	1.6826204757264246e-07	7.978295113133283e-08
chr1:68481612-68483949:-	0.0292601803267061	0.0385167638872541	0.0024440339991216	0.0064318344811317
chr1:92837630-92840550:+	0.0141417209332427	3.2544450731328464e-13	0.0489802284148284	8.937292276797903e-12
chr1:92837633-92840550:+	0.007788938535997	6.5103580211076106e-12	0.0297956259564637	1.6882659955504802e-10
chr1:100992740-100995109:+	6.348101210848589e-06	6.554241546124803e-11	7.974861472233735e-05	1.1407263187258195e-09
chr1:100992740-100995109:-	6.636290035431059e-08	2.138627341200048e-14	1.0728073400177871e-06	9.053498531099165e-13
chr1:100992754-100995109:+	6.61206195372376e-07	2.6760062720976186e-12	4.508075883617832e-05	1.5687012223623348e-10
chr1:100992754-100995109:-	2.4773454916069966e-08	5.238489298538402e-16	8.625839912124715e-09	1.7434646939300864e-16
chr1:110950123-110951287:+	9.643815641385861e-08	2.353660589572987e-08	0.0002656567978623	4.725174456573672e-05
chr1:110950123-110951287:-	0.008818504779179	0.0005187939878051	0.000892651348779	6.982111028841786e-05
chr1:110950123-110963620:+	2.341735033687557e-08	1.6107588830600266e-09	0.0001547550236556	1.341843748149032e-05
chr1:110950123-110963620:-	0.0001639947432093	4.102089594364179e-07	0.0004459675945645	2.1709953292215863e-06
chr1:111119959-111120515:+	0.0071425348687728	2.8674785247365493e-07	0.0054813019861784	3.737597665988004e-07
chr1:111119959-111120515:-	0.0002267050151197	4.574956296823494e-09	0.0005513663547007	2.041743600208648e-08
chr1:111119959-111120531:+	0.0096982540007819	9.746543805865874e-06	0.0162379442988971	2.3725973885820702e-05
chr1:111119959-111120531:-	0.0002267050151197	4.574956296823494e-09	0.0005513663547007	2.041743600208648e-08
chr1:111120693-111124741:+	0.0005095072253566	3.081217035968278e-05	0.0019068751498499	0.0002685600008193
chr1:111120693-111126226:+	0.0125103333526531	0.0006845143728154	0.0348737118910784	0.0040033113841423
chr1:111124881-111126226:+	9.329172269838758e-05	1.1296631249799069e-05	0.0076448802712502	0.0010711995485348
chr1:119727102-119734633:+	5.894978814904009e-06	0.0348572723944785	8.064426339662572e-08	0.0065337901865184
chr1:119727102-119734633:-	0.0003120475863183	0.0044623236169996	4.492271497366595e-05	0.0018341097159815
chr1:119734766-119735106:+	1.2939121125052886e-07	3.080913167958166e-08	3.3074431194142515e-11	1.6300981426168055e-11
chr1:119734766-119735106:-	4.114535610616817e-13	7.514085916624198e-08	4.494046979291434e-18	2.3367440678352646e-11
chr1:119734766-119735294:+	1.2939121125052886e-07	3.080913167958166e-08	3.3074431194142515e-11	1.6300981426168055e-11
chr1:119734766-119735294:-	4.114535610616817e-13	7.514085916624198e-08	4.494046979291434e-18	2.3367440678352646e-11
chr1:147271005-147272170:-	0.0018944763284468	0.0015561280085135	0.0007699957477529	0.0006629680869581
chr1:150625808-150626478:-	0.0077328504957171	0.0112737210062649	0.0078103387381024	0.0158288959930795
chr1:150625808-150627466:-	1.1083390930253068e-05	1.271619897006586e-08	0.0004857563919491	1.3474586431769655e-06
chr1:154212624-154213892:-	1.431495578247606e-07	5.827733934098253e-06	0.0002375633858862	0.0033212341254456
chr1:154212624-154214456:-	2.8930727260360373e-06	0.0004295885787157	0.0007291624562354	0.0271838494189297
chr1:154213946-154214456:+	0.015833654154117	0.018319215678346	0.0179922190521501	0.0242090902209639
chr1:154213946-154214456:-	5.894219873834444e-06	1.6056904828792238e-05	0.0007009864730579	0.0019961945565778
chr1:155308965-155310042:+	4.262486505082698e-15	1.2339905388770133e-30	3.750669422267394e-10	2.7285291490437597e-24
chr1:155308965-155310063:+	3.1666543557973805e-10	9.68357549564122e-28	2.5598318409641305e-12	4.99003526208872e-33
chr1:156011887-156018131:+	0.0035111856339202	6.180998574947411e-12	0.0038463819669638	2.8707122831518693e-11
chr1:156011887-156018131:-	0.0022181921140225	5.82935000482709e-15	0.0114158813129643	7.303534447980913e-13
chr1:156015069-156018269:+	0.0199749049854218	6.511389005579521e-10	0.0055729860290708	2.5152306300241117e-10
chr1:156015069-156018269:-	0.0082051004675804	2.2776069493133514e-14	0.0290865277302492	5.111982566227421e-12
chr1:156562665-156563133:+	0.0003871027683794	0.0008356895372604	0.00080162162002	0.0021776254158405
chr1:156562665-156563133:-	0.0298727499553928	0.0054702671968227	0.0188679246916365	0.0045134636068268
chr1:156562674-156563133:+	0.0003871027683794	0.0008356895372604	0.00080162162002	0.0021776254158405
chr1:156727769-156728414:-	0.0174322274819258	0.0020016293013285	0.0294026158540391	0.0060077515725965
chr1:184054863-184095689:-	0.0015978761568994	0.0166627313426239	2.628339479305436e-07	5.641521403102155e-05
chr1:193029657-193049745:+	0.0181987247667186	0.0419811317409854	0.001167214971263	0.0046722189986372
chr1:193029657-193049745:-	1.5614860083091217e-05	0.0006845143728154	0.0002384601092934	0.0174561792801226
chr1:204532246-204538208:+	5.9240501968686085e-06	6.501941014240066e-07	3.601406187862299e-07	4.558394773454749e-08
chr1:204532246-204538208:-	1.7332131929471006e-06	0.000627608509657	3.779039070860092e-06	0.0010018150326991
chr1:204537497-204538208:+	0.0009982087270012	0.0001099312998768	0.0004601787510524	8.157011769570613e-05
chr1:204537497-204538208:-	0.0005130513825702	3.5821672938862337e-05	0.0032756850019918	0.0002379010597748
chr1:205729593-205750089:-	7.717205692012096e-06	5.219343920757457e-05	0.0036727728769224	0.0108595333926332
chr1:205729621-205749956:-	0.0438322894345091	0.0031032261683712	0.0246639936110725	0.0014614597986225
chr1:207785682-207790252:-	0.0102127509600288	1.5872720157768968e-07	0.0005800962340237	1.8908863635775075e-09
chr1:207785682-207793518:-	5.005494417499959e-06	1.1571782818714184e-12	6.417774423992746e-07	1.3859682243415377e-13
chr1:207790345-207793518:-	1.884557914252545e-06	8.143612858694033e-10	4.322955613092618e-06	5.982659065739914e-09
chr1:224317930-224330070:-	0.0002774840083311	4.3638499584337086e-05	0.0077480786227792	0.0018196425845963
chr1:224326464-224330070:-	0.0015941026304457	0.0002617658927276	0.0065112306466274	0.0014333710390268
chr1:233372160-233375915:+	0.0015787844449133	0.0069987946336855	0.001133773424851	0.0113427481367008
chr10:71822007-71823887:+	1.45970874315129e-18	2.616958272017393e-31	1.8756379740509238e-18	1.702714349255652e-30
chr10:71822007-71823887:-	1.309121345487845e-26	2.4144845658712683e-52	4.692209035245489e-18	2.1718869370568885e-39
chr10:71822007-71825836:+	1.2919131452596148e-29	5.0890520634205e-48	8.293061680340468e-30	1.1266560900350978e-47
chr10:71822007-71825836:-	6.134683528665758e-41	1.0584641840599394e-79	8.293061680340468e-30	1.125165236111996e-63
chr10:71823893-71825836:+	0.0080055209516808	0.0061863883864101	0.000429122510288	0.0003302060329889
chr10:71823896-71825836:+	1.949817789318857e-13	2.380367672553347e-23	4.338742918678202e-13	4.037085923251324e-22
chr10:71823896-71825836:-	1.8600997937649745e-18	1.9954779603216472e-36	4.617311887039359e-18	3.3014277161508836e-35
chr10:78037304-78040203:-	4.5194239713697283e-08	2.323926569051362e-15	1.6011979140196435e-07	1.9128818127571046e-14
chr10:78037304-78040614:-	7.335890775622559e-11	6.363257794091362e-18	5.492749318615083e-11	6.600590882100904e-18
chr10:78040225-78040614:-	6.624183386571953e-09	2.1682442748532242e-13	1.737004970366566e-10	3.60012175049604e-15
chr10:87756922-87767672:+	3.0508592738270514e-09	2.391144374171126e-07	0.0008999681797886	0.0089631378609836
chr10:87756922-87767672:-	2.8307475313525367e-05	0.0112221038906466	0.0001498901314852	0.0493948728787584
chr10:87759800-87767672:+	0.0019722927572075	7.579677004597164e-05	0.0007135010098608	4.162310340323619e-05
chr10:97443311-97445731:+	0.038506002912337	0.0010667549900183	0.0005559611115971	1.0108306510245906e-05
chr10:97443311-97445731:-	0.0121445792710379	0.0386240983351675	0.0104968020692005	0.0356688487594488
chr10:119169313-119177141:-	0.0493832957932266	3.3445008840352134e-07	0.0041255120780117	2.6923777998281035e-09
chr10:119173872-119174450:-	0.0239279608531394	1.1626080345496677e-06	0.0011135437652173	1.2690543288735872e-08
chr10:119174592-119177020:-	0.0331273048030706	1.313302840694228e-08	0.0039370329295461	1.3736052042231755e-10
chr11:644654-653961:+	0.0010860074593507	3.88415039636261e-07	0.0272723944485548	8.583851541937679e-05
chr11:8683265-8683989:+	4.988187702289385e-07	1.0927864995400805e-11	6.237880697015319e-11	9.169430428508484e-17
chr11:8683265-8683989:-	0.0264259420621922	0.0022626223812788	0.0084953832740377	0.000597313993126
chr11:8684081-8684696:-	0.0026189700785611	0.0002645720690615	0.0065960293019612	0.0011923033693657
chr11:15073663-15073794:+	4.190283488944068e-11	1.248058999035452e-09	0.0025370249089852	0.0012683051145962
chr11:43335994-43339240:-	0.0340017153864532	0.0216361763109882	0.0017037417583751	0.0015655636110042
chr11:61789921-61790492:-	0.0055909439512732	4.696009403123796e-06	0.0010352725004354	4.103823090240318e-07
chr11:62853833-62854518:-	1.1028046744497242e-15	6.363312868905193e-29	0.0364462919290186	2.0404688452776313e-08
chr11:62854064-62854518:-	2.1521667283048135e-15	7.1291709670580855e-28	0.0358371647154949	6.244855840463047e-08
chr11:62854551-62854887:+	0.0001936565655582	1.0833165426847684e-17	1.6643733605752693e-07	6.80449268000133e-24
chr11:62854551-62854887:-	0.0004592651284855	2.044413632302701e-16	0.0011685082935147	2.477995619765152e-15
chr11:62854551-62855132:+	7.65146948707303e-05	1.1399062359767642e-19	1.78460702732401e-08	1.7614484496188757e-27
chr11:62854551-62855132:-	0.0009156844720382	1.1100394179952084e-16	0.0029242419192602	3.1937251498080544e-15
chr11:62854938-62855132:+	0.0001241183178319	6.810092165510537e-19	1.4750060858673052e-08	3.716502714120367e-27
chr11:62854938-62855132:-	0.0001441825781626	5.678047850973074e-17	0.0013169983168858	1.3168104926934841e-14
chr11:72228498-72228646:+	6.305607652179002e-05	0.0025970427289533	7.782255441468919e-06	0.0010217395043281
chr11:72228498-72228726:+	6.305607652179002e-05	0.0025970427289533	7.782255441468919e-06	0.0010217395043281
chr11:75401733-75402351:-	7.65146948707303e-05	5.273800604195626e-06	0.0018392989188249	0.0003611549236169
chr11:75401733-75404019:-	0.0002023330804816	1.0374455571775536e-05	3.408927821574786e-05	1.2539599192183689e-06
chr11:75402446-75404019:-	0.0002940425852092	2.7173111331096688e-05	4.152151172921587e-05	3.8274504120427535e-06
chr11:93733397-93734624:-	0.0002214347622964	0.0108499514033736	1.1183852274365802e-08	4.528820051238903e-06
chr11:93733419-93734624:-	7.986780861700061e-07	0.0011687340777155	1.5256395193316294e-11	5.321173885012012e-07
chr11:119017545-119017957:-	0.0001998547748998	0.0001250912939025	3.3260133389437315e-08	2.497211991224849e-08
chr11:119017545-119018281:-	3.1666543557973805e-10	1.805763816373546e-10	8.487072171767922e-13	5.395700421249314e-13
chr11:119018053-119018281:-	7.901595221133608e-08	1.67768525776912e-07	3.6117333690038686e-11	1.1041360463006496e-10
chr11:125102317-125102733:-	0.0046899510648498	0.0099780854774506	0.0021780577659693	0.0075314330603814
chr11:130122513-130123611:-	0.0079244896289991	2.26714548776373e-05	0.005273322867181	1.792927209558188e-05
chr11:130122513-130126699:+	2.6865684005062603e-05	4.061028647557564e-14	0.0325603277480327	4.4107685493304526e-08
chr11:134248484-134248808:+	0.0435746364827841	0.001013611838364	0.035940209466788	0.0007385873381332
chr12:6966500-6967170:+	0.0003385432986718	6.81626874148715e-35	2.474881341362513e-05	2.2458950989901694e-41
chr12:6966500-6967891:+	3.861265824746911e-08	1.435184125073465e-42	6.929963626981558e-09	1.043841344720031e-48
chr12:6966500-6967891:-	0.0023473814471287	2.9166988222207987e-24	0.0024636914251534	8.223799734296511e-27
chr12:6967238-6967891:+	0.0154419908058903	1.2207711266619286e-06	0.0242457033818614	1.1887493611823609e-06
chr12:6967248-6967675:+	2.452420674952835e-07	3.81349330695236e-41	1.8940346030102787e-08	4.763108832926611e-47
chr12:6967248-6967675:-	0.0006859822442656	1.5580710642929254e-30	0.0002466955248299	3.52832162001422e-35
chr12:6967779-6967891:+	2.856051370723028e-07	4.6990591087912773e-45	3.5746376428112607e-10	5.566679155523375e-57
chr12:6967779-6967891:-	0.0013962810107372	4.1770222557632096e-29	0.004865972478611	1.9227238691690738e-29
chr12:47966172-47966682:-	0.0001324014300645	0.0007259379728582	0.0052459795850154	0.0183925205937557
chr12:53442733-53443486:+	0.006558238760747	0.0003760396563861	0.0032806550081643	0.0002619864823145
chr12:55822187-55822372:+	0.0271581371131246	0.0003995787754559	0.0408169630248093	0.0018114634954197
chr12:55822732-55823069:+	0.0044062177979389	0.0015846457239649	0.0390383712164669	0.0353223951375486
chr12:56639196-56639979:-	0.0140332553714658	0.0332244803221766	0.0017276343351654	0.0060580306920757
chr12:56644955-56645170:+	0.0085217943078537	0.0211776650065934	4.3735351807142164e-07	2.1545266088177826e-06
chr12:57719182-57720405:-	0.0434035848527057	0.0317849795397797	0.0004779852638481	0.0004411815298485
chr12:76056161-76060137:+	2.398036109734064e-07	1.3016962471119029e-18	0.0001608796121177	2.3831941668177085e-14
chr12:76059878-76060137:+	2.341735033687557e-08	4.856078765468351e-18	6.678573408356373e-06	2.3984009098628875e-14
chr12:106985215-106986968:-	2.0249704475189232e-05	2.401101323087032e-05	0.0135751113383138	0.0298483765138629
chr12:106985225-106986968:-	2.0249704475189232e-05	2.401101323087032e-05	0.0135751113383138	0.0298483765138629
chr12:120197462-120198553:+	4.286839130098351e-05	1.6728239067842153e-66	7.800290837753278e-13	7.644285441361504e-87
chr12:120197462-120198553:-	0.000387445848527	1.3298335904032519e-55	1.707763447269672e-08	1.1810425304322255e-69
chr12:120197462-120198853:+	4.873817073338145e-05	1.6645142194888586e-69	8.382140783676928e-14	1.291159492061012e-93
chr12:120197462-120198853:-	0.0002342742811993	1.9190996775613395e-61	5.239995543233662e-08	4.357556962802259e-73
chr12:120198739-120198853:+	0.0016561297340289	1.542673065526768e-52	6.282770618362241e-14	3.34887914669015e-81
chr12:120198739-120198853:-	0.0014713756695508	5.860971576916153e-43	2.559481803969577e-09	5.1142476751504784e-58
chr12:120199485-120200718:+	2.5754868442689063e-08	0.0001407716475613	3.730206332007888e-09	5.616537931432855e-05
chr12:120199485-120200718:-	0.0065942987885009	0.0324817840607048	9.931768222286998e-05	0.0013452242668273
chr12:120199485-120200729:+	2.728767082921136e-08	7.581991158237122e-05	2.7667481566429606e-10	3.861385829606435e-06
chr12:120199485-120200729:-	7.024820389426497e-11	3.362495576756036e-09	1.877890618818759e-18	7.101228971503586e-16
chr12:120199485-120201082:-	2.728767082921136e-08	2.899402973232264e-07	4.775884325354334e-13	1.6300981426168055e-11
chr12:120496216-120496401:+	2.3688938136252702e-118	7.585386395473512e-136	3.5698986535315705e-103	2.9289851368863684e-120
chr12:120496216-120496401:-	1.8749311030766253e-42	8.144733119719274e-51	6.410626926842482e-38	1.1283861027681595e-46
chr12:120496216-120496415:+	3.2638157464735005e-116	1.6564534721066768e-133	3.5698986535315705e-103	2.9289851368863684e-120
chr12:120496216-120496415:-	4.251714518085362e-40	4.414568279737224e-48	4.9012649461193844e-37	1.0986242565084675e-44
chr14:19062466-19064582:+	2.1856992756095995e-11	1.4736677059286346e-21	4.7053804318139066e-08	6.575142780798965e-17
chr14:19062466-19066000:+	0.0004425606538926	0.0016449570077546	0.007861654110785	0.0300356023440335
chr14:19334081-19337579:-	1.2475464385326165e-05	2.254254778746777e-05	0.0050502068960849	0.0107119604467776
chr14:19335462-19337579:-	7.09221491389902e-14	1.4196925190549472e-25	5.293963708579431e-10	1.5286867656118172e-20
chr14:20354247-20354808:-	3.555859406830322e-05	0.02936506961664	6.616985062283233e-05	0.0473682835953896
chr14:21263829-21269297:+	8.463499408705185e-07	2.0547342011092616e-10	2.832939608968962e-06	8.495091463850732e-10
chr14:21263829-21269297:-	4.478474063810549e-05	1.2207711266619286e-06	0.0116756068536165	0.0015655636110042
chr14:22947731-22947867:-	0.0100423534474103	0.000335099815593	0.0051689445550639	0.00023317002721
chr14:22947731-22950313:-	0.0006197157873476	0.0001273433950689	0.0008930570105544	0.0002824289095005
chr14:23068701-23069475:+	0.0283464487174779	0.0082729286900689	0.02966366925338	0.0109996656772794
chr14:24100213-24102752:-	0.0009243925015198	9.901889269082897e-06	0.042086395173565	0.0018114634954197
chr14:74882016-74882590:+	1.715674773234784e-09	3.3766054072079464e-06	1.9733373334906746e-10	5.419251945181137e-07
chr14:74882016-74885585:+	0.000153660501743	0.0484047795671375	3.359365794855249e-07	0.0007261350394022
chr14:74882624-74885585:+	3.127843940005368e-09	7.384404224308138e-05	1.0328332148552287e-08	0.0001574993092912
chr14:74889349-74889877:+	7.115088346232683e-13	4.0539948103993846e-16	4.880330067258255e-15	5.861939082881857e-18
chr14:74889349-74889896:+	8.28619783163114e-16	6.363257794091362e-18	1.0852152789140268e-15	2.813865246347662e-17
chr14:75053659-75063469:-	0.0109899513015101	0.0152552446383346	0.0186253485689149	0.0417359308708457
chr14:94096965-94102476:+	0.0482100970836276	0.0004393633577959	0.007731380315176	1.307901289075794e-05
chr14:94100771-94101813:-	0.03659047886665	0.0001210200628577	0.0055453056019727	1.06817910549341e-05
chr14:103712941-103715336:-	0.0149565566176525	0.0388667126336788	0.0092988650106994	0.0347667586057919
chr14:105445511-105450057:+	0.0006888650000249	0.0180819629756972	4.380625222578258e-06	0.0006672114118934
chr14:105449409-105450057:+	1.2642003258263056e-05	0.0047133263955911	1.094221515244015e-05	0.0039904690277761
chr15:66502750-66503057:+	0.0024533947152493	2.253229620481638e-06	2.6815330375821407e-06	2.0963787816565557e-10
chr15:66502871-66503357:+	0.005299065972281	0.0038442443337077	0.002100017756347	0.0025081445573532
chr15:66503164-66503357:+	0.0028808867572013	1.0076367152698649e-06	1.039494598957677e-05	2.1832912452202926e-10
chr15:69453020-69453646:+	0.0001219467502189	2.195151699103821e-12	0.0012539253068542	2.1260827147553884e-10
chr15:69453020-69453646:-	0.0104465988222214	1.2482226626622931e-14	0.0280756792767638	1.6612084034932049e-13
chr15:69453020-69455169:+	4.71316379156854e-05	2.117617625149172e-12	0.0017640910612499	1.0198027882120495e-09
chr15:69453020-69455169:-	0.0030498044841514	3.7774535793316155e-14	0.0177530626469477	2.698852730715148e-12
chr15:69453721-69455169:+	4.2883639092672605e-05	6.243185200214806e-13	0.0028740455361392	1.2625876185485371e-09
chr15:69453721-69455169:-	0.0022181921140225	2.002421203982576e-13	0.0049863836328362	1.2425749180294252e-12
chr15:72250092-72250844:+	0.0247722843637162	0.0144490377245621	5.508011610216359e-09	1.3321631294570426e-08
chr15:72250092-72250844:-	0.0001688841393653	0.0001559726574372	5.376546229623713e-05	6.587120414890143e-05
chr15:72250092-72251206:+	0.0002774840083311	0.0003172592606977	2.839221963831046e-09	1.961791233731585e-08
chr15:72250092-72251206:-	7.845687849790869e-05	1.8376893005357606e-05	6.800517283870557e-05	2.3337028532403986e-05
chr15:74896325-74897010:-	0.0130849979835115	1.1664718848151782e-05	0.0106511293977099	7.493128165539045e-06
chr15:74896325-74897511:+	0.0016364099485439	2.7829328951818807e-12	0.0330987771822554	4.16983265767228e-09
chr15:74896325-74897511:-	0.0025038858497716	4.4694869445917516e-08	0.0190559458220653	1.7665543961685122e-06
chr15:74897219-74897511:+	0.00875066306978	6.914270178908964e-10	0.0094940664804731	7.852818818888723e-10
chr16:793274-794033:+	0.0399342224161788	0.0100332512353932	9.473995585457345e-05	1.805364263836904e-05
chr16:793274-794053:+	0.0399342224161788	0.0100332512353932	9.473995585457345e-05	1.805364263836904e-05
chr16:11850418-11851407:+	0.0135091067907447	0.010231619211183	0.0096112032988957	0.0147183758910523
chr16:14919126-14919244:+	0.0067149208608925	0.0096379626794357	0.0006055335502174	0.0026260041169035
chr16:14919428-14919862:+	0.0001762267275576	0.0025585595406248	2.328892086198877e-06	0.00027895959363
chr16:16317777-16317895:+	0.0056517173036687	0.0068648404244399	9.580395841233888e-05	0.0002644264474398
chr16:18349744-18350889:+	0.0423575057276351	0.0449691191273432	0.0038185088719422	0.0076514853050262
chr16:18788142-18788980:+	0.0097752264430386	0.002065896855112	0.0150238260802938	0.0050949947023542
chr16:18788142-18788980:-	1.2735953018924174e-06	5.0069127021992735e-08	0.0266383294124215	0.0055738063603193
chr16:18788159-18788980:+	0.0032460310526866	0.0030724376058564	0.0060896917710037	0.0078404822098699
chr16:18788159-18788980:-	0.0008106071479257	0.0042262279818618	0.0010056172466964	0.0104056961454871
chr16:31185179-31186801:+	0.0061695088576924	2.5752291478446763e-08	0.000360866929294	8.825403118558071e-10
chr16:31185179-31188324:+	0.0048808331382325	6.6882610562273355e-09	0.000260290829074	1.7833045597667263e-10
chr16:31186836-31188324:+	0.0063137521183999	4.665391355830023e-09	0.0002357392430308	1.08695742324617e-10
chr16:54920327-54923584:+	9.961649581594397e-09	4.451247067922346e-11	5.313371546656895e-09	3.5577763666523425e-11
chr16:54920327-54923584:-	8.052742325389463e-12	8.499993689315584e-15	8.403429552245937e-16	1.8908242193093265e-18
chr16:54920410-54923584:+	2.9389153231903465e-15	2.789206014926496e-21	3.344031723630232e-16	4.426563184038692e-22
chr16:54920410-54923584:-	7.732074536319987e-19	7.883965294553803e-20	1.6037687914680786e-20	2.44394858859312e-21
chr16:57440959-57447341:-	3.94159880063096e-05	0.000108260125372	8.646993479750675e-05	0.0005652685352985
chr16:57440983-57447341:-	0.0085835960158464	0.0025759782145314	0.0036577674799549	0.0011807291872165
chr16:69120649-69121052:-	0.0033509558561765	0.0001062830629639	0.0403353981376969	0.0030837637124866
chr16:74480274-74496628:-	0.0312892024091666	0.00188351097862	0.0368880434622715	0.0022876985987175
chr16:74483124-74485795:-	0.0477556785379542	0.0020783424736502	0.0421334072021793	0.0046461464951595
chr16:74491215-74492956:-	0.0260520925484975	0.0008439768644155	0.0373285652962401	0.0019288983531776
chr16:74493140-74494759:-	0.0464871332427356	0.0014500753393166	0.0358225019653771	0.0038314108879612
chr16:74494831-74496440:-	0.0227811239710326	0.0044471728575526	0.0325603277480327	0.0120410107003311
chr16:89712222-89712673:+	4.248280378153703e-15	2.6086078855454592e-21	8.805593710847851e-15	1.5952467339718742e-20
chr16:89712222-89712673:-	6.896259116983463e-14	9.729878336985829e-13	4.102597400049309e-15	1.9982951721394766e-13
chr16:89712222-89712688:+	6.197898004745238e-14	1.0363683411860308e-19	2.854934992530552e-15	6.246838048296221e-21
chr16:89712222-89712688:-	1.641354453425809e-07	1.3809827954207145e-08	1.1365527327784788e-10	1.0890921404837264e-11
chr17:7857198-7883234:-	0.0066398277473689	0.004146987109857	0.0235661951207065	0.0154250334352814
chr17:8207840-8210176:-	0.0016499060329391	0.0315812166618823	1.0068534692312584e-05	0.0004959364238005
chr17:16217461-16217547:+	0.0002623220561346	7.04724432638818e-10	0.0225678711144926	2.0692047943482706e-06
chr17:16217461-16217547:-	7.943786125207857e-07	1.5872720157768968e-07	3.828499581650424e-08	1.3104088434554541e-08
chr17:16217461-16233970:+	0.0002623220561346	7.04724432638818e-10	0.0225678711144926	2.0692047943482706e-06
chr17:16217461-16233970:-	7.943786125207857e-07	1.5872720157768968e-07	3.828499581650424e-08	1.3104088434554541e-08
chr17:16381115-16382046:+	2.4507314257587808e-05	8.334773967103676e-11	0.014323324902856	7.83014241410876e-07
chr17:16439414-16439527:+	3.031495439526986e-14	0.0053712936652188	1.3513544114318118e-13	0.0215462154372776
chr17:16439414-16440184:+	2.722713050195405e-16	2.3719198019952264e-34	1.4011002932930592e-60	6.752528679738928e-06
chr17:16441130-16441356:+	0.0025707024547319	7.132333798200448e-09	2.334162460621876e-08	4.932203391859161e-16
chr17:16441130-16441356:-	6.208938900728624e-06	3.7055086511496197e-09	1.1563843952645928e-05	4.303201616255105e-09
chr17:42562219-42562355:+	6.062083260739098e-10	5.7923604319306055e-12	1.5521734140021778e-18	4.7647598410747626e-23
chr17:42562219-42562355:-	0.0275355655684868	0.0010235209222527	0.0010785688106489	1.3028873417690155e-05
chr17:42562219-42562611:+	2.119814244868609e-09	4.034940743634953e-11	4.71901550312424e-09	3.088276096455593e-11
chr17:42998471-42998748:+	0.0024835457366549	0.0002997225801313	0.0002093391253673	3.343045425031228e-05
chr17:44323590-44324710:-	0.021888196348976	0.0242878075847273	0.0155161127134338	0.0194383629661148
chr17:48048462-48050606:+	0.0002485788508534	0.0003825524338162	2.545985011930888e-05	6.211127517416849e-05
chr17:48048864-48050606:+	7.65146948707303e-05	0.000166381374589	0.0002266452635083	0.0005256236606265
chr17:50750641-50750746:-	0.0192570648515424	2.907493968275447e-08	0.0039668697643676	1.1547904477414795e-09
chr17:63799625-63800467:-	0.0394340654468687	0.0050132486072366	0.000284770694819	3.038541284835925e-05
chr17:76557857-76558944:+	0.0130849979835115	7.956624402976009e-12	0.0073010789316908	6.511261925711915e-14
chr17:76557857-76561287:+	0.0002750905426571	9.263464760534725e-24	0.0472045091583761	4.095350474092105e-19
chr18:35993300-36026899:-	0.0136675904397111	0.0001354710582282	0.0341614222333727	0.0007502194889003
chr18:36025678-36026899:-	0.0136675904397111	0.0001354710582282	0.0341614222333727	0.0007502194889003
chr18:36145034-36145933:+	0.0100309013385942	0.0001588111944029	0.0011529853438608	1.8734515321892167e-05
chr18:36145034-36145933:-	0.0003981935223692	4.987411604775316e-05	0.0002375633858862	2.8466049483112945e-05
chr18:36145034-36145947:+	0.0100309013385942	0.0001588111944029	0.0011529853438608	1.8734515321892167e-05
chr18:36145034-36145947:-	0.0003981935223692	4.987411604775316e-05	0.0002375633858862	2.8466049483112945e-05
chr18:50285247-50285324:-	0.0017167616751275	0.0003509508354595	0.0002260682946572	7.000523683743384e-05
chr18:50285247-50285748:-	0.0001998547748998	4.378552360311053e-05	3.325721256548759e-05	1.2194107839448257e-05
chr18:50285351-50285748:-	0.0003441454479349	0.0001647505851311	0.0001006021356403	6.457345740465428e-05
chr18:59900235-59902646:-	0.0093830396677445	1.4889826937580926e-06	0.0004733473601046	3.517684985322825e-08
chr19:572701-579499:+	0.000652305340446	0.0001333052856192	7.461015106447938e-07	2.315647889262106e-07
chr19:579656-580378:+	0.000358650423933	2.730901042306784e-07	3.81917005215968e-11	1.6882996120614489e-15
chr19:579656-580378:-	0.0252285336784465	0.002151546910181	2.1255838138360123e-05	7.529488689935123e-07
chr19:3981452-3981946:+	3.78254298827672e-07	2.9637094365221787e-05	2.712277985458264e-05	0.0015881938504521
chr19:3981452-3981946:-	9.210106025088399e-08	3.872290000601148e-11	0.0013154334114052	4.110368234194127e-06
chr19:3981452-3982408:+	3.236183356825749e-07	5.210154369593034e-05	4.405404917258794e-06	0.0010264615963615
chr19:3981452-3982408:-	2.341735033687557e-08	4.034940743634953e-11	0.0003824207969445	4.214125313855345e-06
chr19:3982052-3982245:+	9.767811252972616e-10	6.027826854177865e-07	1.9053167333080262e-10	9.76607163302127e-07
chr19:3982052-3982245:-	9.59825799353736e-11	1.2991005388928938e-16	3.302492500566461e-06	4.276332559069144e-11
chr19:11447618-11447692:+	3.107958501336797e-09	2.875875196246418e-10	1.134091737964013e-14	4.432832995804751e-16
chr19:11447618-11447722:+	1.3992193284130343e-05	0.0119663706340675	1.753916592061143e-07	0.0010271802706099
chr19:13766129-13768560:+	0.0002623220561346	2.3982640782594e-05	0.0001650086467939	2.255055933523756e-05
chr19:18436877-18436972:-	0.0009198718466362	9.983655222969995e-07	0.0017553869389256	1.5835788459010806e-06
chr19:18437105-18437598:-	0.0396429001306808	0.0038192477638158	1.5915287371614236e-05	6.75133187861507e-08
chr19:35505986-35506125:+	0.0002334850779427	0.0056775439742548	2.083606741206956e-06	0.0002294036245818
chr19:35505986-35510183:-	1.0736285965596973e-06	0.0032846904860004	1.0268506317396688e-08	0.0002245398187515
chr19:35506185-35507457:+	0.0005286088239176	0.0007215840336259	0.0025341369086784	0.0029089438174469
chr19:35508240-35509910:+	2.728767082921136e-08	0.0239685009877231	1.7662369343184915e-14	2.2871305517394984e-05
chr19:35509961-35510183:+	1.1313674627013709e-07	0.0305077425818106	1.7641454676344927e-08	0.0090942378858615
chr19:35509961-35510183:-	0.0002429261873959	0.0008079975059865	4.430519750381783e-06	3.971835041655339e-05
chr19:40348768-40366418:+	2.856051370723028e-07	1.8844176701586836e-06	2.8984751562625573e-08	5.206893993309085e-07
chr19:40365930-40366418:+	0.0004544464030605	2.1266228693184083e-05	5.239995543233662e-08	2.0376929803527444e-09
chr19:49489912-49490289:+	0.0001158468836194	1.3203813485912055e-09	0.0181004935110416	1.4365756796540584e-06
chr19:49489922-49490231:+	0.0017564481564077	0.0003182100655397	5.048821231384047e-07	2.5693146206639613e-07
chr19:49498046-49499511:-	0.0008336786701908	3.1621205920231817e-43	0.0307324253456201	6.626852280203146e-41
chr2:3575350-3575591:+	0.000839644698076	1.1088143687743593e-05	0.0004840853244398	5.096228567963155e-06
chr2:3575448-3575591:+	1.6974483955588262e-08	1.0006115244585372e-11	2.8548503399970724e-09	1.8168027188046008e-12
chr2:27037702-27038145:+	0.0471824416425912	1.014083920167556e-05	0.0325603277480327	1.790727877395816e-05
chr2:27037702-27038145:-	0.0026016526436762	3.844658277198414e-06	0.000260290829074	1.8366442116589285e-07
chr2:27771799-27772673:+	0.0480447223669676	0.0025110937750389	0.0010352725004354	4.493609863652494e-05
chr2:37293271-37324680:-	0.0449728717104456	0.0002788387599078	0.0130629294804182	0.0001017263366396
chr2:38748653-38748897:+	0.0001158468836194	0.004055486280267	4.539345543234847e-07	6.134158047838738e-05
chr2:38748653-38749528:+	1.497202125752825e-10	2.1987465808123564e-05	4.450485440693024e-20	1.002341575805208e-12
chr2:38748653-38749528:-	2.2563046324633017e-08	0.0035345430663217	2.074369869420351e-18	9.879446336404295e-10
chr2:38749346-38749528:+	7.2616676750658145e-06	0.0018604642434058	4.874500165974741e-10	1.1942894724380175e-06
chr2:38749346-38749528:-	5.94421949928661e-05	0.0213388348276947	1.6342729915124716e-12	5.9480965985543124e-08
chr2:70227822-70229263:+	0.0007114236757348	0.0002034936372778	0.0169903778615973	0.0101837764644133
chr2:70227822-70229263:-	5.331788055614268e-05	0.0001271578713534	3.950273032859736e-06	2.3893756884436063e-05
chr2:70228462-70229058:+	0.0339278170506604	0.0206690751262508	0.0282890638779163	0.0283233152791789
chr2:70229091-70229263:+	0.0002452965990572	0.0002783804396993	0.0078081800675344	0.0087191029534028
chr2:70229091-70229263:-	0.0004239960097812	0.0003875278591248	2.1816511741617068e-05	4.333295260065253e-05
chr2:152677475-152679055:+	0.0472736903309984	0.0420259161263037	0.0027909375812655	0.0052856420466725
chr2:152677475-152679351:+	0.0385477301904194	0.0329682083831462	0.0019674031360855	0.0023381882977997
chr2:200881488-200882341:-	0.0020737011798427	2.4620370604357176e-11	9.015841614905756e-05	8.594060230084958e-15
chr2:200881488-200885697:-	0.0446122906890389	9.898579289900863e-08	0.0049446122954062	3.140525680302806e-10
chr2:216113129-216116658:+	0.0059847043434016	0.0415216161043822	0.0008232340303889	0.0189202894566295
chr2:232735238-232747614:+	0.0284048712356538	0.0018528757873332	8.353128768039418e-06	2.1046118407937085e-07
chr2:241268541-241272760:-	4.1602407635050344e-08	2.8099573986440603e-10	0.0004416967213577	1.3805103515087866e-05
chr2:241268541-241315569:-	2.9663289941623574e-06	8.576709458171974e-14	6.0619949062107855e-06	2.997338654829411e-13
chr20:31561736-31566209:-	3.4240657870555094e-05	4.299579285666196e-11	4.9404761213476025e-06	1.9288564837512105e-11
chr20:31561736-31569119:-	0.0001747532128405	8.322727118590494e-12	0.0001556017642508	3.3768076248632395e-11
chr20:31722348-31723863:-	0.0089063716312972	0.0101449814753314	8.230440492879967e-05	0.0001199421547616
chr20:35556271-35556972:+	0.0131210997769918	4.034940743634953e-11	0.0045313117154258	9.355787840699692e-12
chr20:35556271-35556972:-	0.0158749700247418	2.383853928148989e-09	0.0037206616049726	1.5143925527095202e-10
chr20:35732135-35738967:-	8.844071395010102e-09	5.297594072984914e-45	1.02416688088102e-05	2.3301946307095026e-36
chr20:35734257-35738967:-	0.0019722927572075	5.548175619601616e-24	0.0325603277480327	2.5591569880858605e-19
chr20:43458509-43459152:-	0.0052932392038502	9.846116515244296e-11	0.0078787919461833	5.166834080672621e-12
chr20:49280570-49289044:-	0.0012750232129015	2.6561848325745714e-14	5.954425938259022e-11	1.1893643833578976e-24
chr20:58898985-58903530:+	0.0040066951642089	3.2111663130037616e-07	0.0089323985658732	2.2129831834247992e-06
chr21:6995313-6997591:-	9.329172269838758e-05	7.487614058098864e-08	0.0394219479295468	0.0006649873437362
chr21:6995324-6997591:-	9.329172269838758e-05	7.487614058098864e-08	0.0394219479295468	0.0006649873437362
chr21:8224438-8226173:+	7.604471601964887e-07	7.972963502516504e-14	0.0015090118801344	1.6274353218649843e-08
chr21:8226391-8227179:+	1.5614860083091217e-05	1.749403055426747e-06	0.0193618035254396	0.0090490123384546
chr21:8407437-8409172:+	1.3134185900333467e-05	7.371471551960365e-10	0.0017181440783308	1.0017096312211565e-06
chr21:39178647-39179923:+	0.0239279608531394	2.3665408904008507e-05	5.829425274532896e-06	1.1048278383388487e-10
chr21:39178647-39179923:-	0.0001065379969315	2.824585851795178e-08	7.775273221725135e-05	9.692142977667852e-09
chr21:39178647-39180284:+	0.0115936809312945	1.3574376014165236e-05	1.4367556102094817e-06	2.4914541065399955e-11
chr21:39178647-39180284:-	6.721003298145181e-05	1.0443333171507315e-08	7.935435747818944e-05	6.001427536153088e-09
chr21:39179986-39180284:+	0.0053648577132026	2.3549185782247246e-05	6.095445206395628e-06	3.752366914858663e-09
chr21:39179986-39180284:-	0.000375462871721	8.05014666920936e-08	9.581155967309928e-05	8.093083071532505e-09
chr21:39345274-39345829:+	4.039076911561924e-12	1.9636257351873218e-29	0.0006969046423651	1.1809581417642157e-15
chr21:39345274-39345829:-	8.829747228635629e-12	7.107878003519546e-27	7.344268922484094e-05	3.0562656108205903e-15
chr21:39345274-39348291:+	8.223401857714117e-11	9.452770329469328e-15	0.0013107405028102	7.559056714807914e-06
chr21:39345274-39348291:-	4.8472930725643713e-08	3.69057525879426e-14	3.819737120085437e-05	7.55994919777089e-10
chr21:42897047-42903181:+	3.107958501336797e-09	7.06083604882547e-10	5.009011762073841e-12	2.1027603146082968e-12
chr21:42897047-42903181:-	2.1164296635804515e-10	4.067678108414127e-13	7.420595525188818e-14	2.224388494022323e-16
chr21:42897047-42908863:+	4.173806486143444e-07	4.193823939843385e-07	4.280535216282721e-16	8.183624709790433e-16
chr21:42897047-42908863:-	1.7262218056351125e-11	6.856625349307313e-14	1.5703996935813133e-18	5.8632442698488204e-21
chr21:42904276-42908863:+	0.0153875068191439	0.0012008460023946	1.300023823953538e-07	1.924951307924469e-09
chr21:42904276-42908863:-	0.0002470936950626	1.3560299985786669e-06	1.3002014231671377e-08	3.2118521842084366e-11
chr21:43066377-43067777:+	0.0016396425069549	0.0157107817477397	0.0003600264342427	0.0079699993879656
chr21:46235426-46236828:-	0.0182143990030896	0.0233421979020702	0.0056832246956987	0.0107974542583636
chr22:15785057-15787171:+	1.3445464846203454e-06	1.2645018459046589e-06	0.0047089287967331	0.0051702132210248
chr22:15785057-15788551:+	4.478474063810549e-05	5.71517954813971e-08	0.0245705784555312	0.0003314340423597
chr22:19961289-19962232:+	0.0001191866150802	1.5244365420349108e-10	0.0005513663547007	3.0576795880690004e-09
chr22:19961289-19962526:+	2.2425208000052933e-06	2.7313956131473986e-12	3.1413356238504194e-06	1.2061297281427898e-11
chr22:20315476-20319638:+	0.0065942987885009	0.025367199711631	0.0104979912160371	0.0346467506834461
chr22:20316219-20319638:+	0.0041871480723927	0.0196325457392544	0.0013727577040855	0.0123144273538789
chr22:38297155-38298785:+	0.0002897152612751	2.0446009184656955e-15	1.2707589124658016e-06	1.9114769742086224e-18
chr22:38297155-38298785:-	0.0024379083457292	7.911537802522565e-09	0.0006531430557924	2.401020307884383e-09
chr22:38668132-38670883:-	0.0026349668430326	1.7212976785942044e-06	0.0084656939505805	1.3961215816533702e-05
chr22:39316841-39317460:+	0.0041077365060777	9.318626076672708e-06	0.0017056337856489	3.117301601142934e-06
chr22:39317021-39317460:+	0.0313925627286389	6.789334123112194e-05	0.0002079809238765	9.667329554294373e-08
chr3:9464672-9470458:-	0.0001651343637236	5.084974161331515e-07	0.0108325563821258	0.0001368736185276
chr3:9804013-9806209:+	0.0242653089444351	0.0001060877506155	0.0217197782405641	0.0001174728720903
chr3:9804013-9810620:+	0.0242653089444351	0.0001060877506155	0.0217197782405641	0.0001174728720903
chr3:12840242-12841493:-	6.011192834394032e-27	3.711120252963245e-16	2.40084298890688e-29	1.15405589572166e-17
chr3:12840341-12841493:-	1.4226152977314629e-21	4.0550791118149815e-11	2.1588796469810234e-22	3.490729680834833e-11
chr3:12840353-12841493:-	2.8148759401240074e-09	2.7083265150586203e-06	1.5256380143705133e-11	8.151390528404102e-08
chr3:37096660-37129062:+	0.0009502430103604	6.573050791691938e-15	0.0054357888116948	3.0456305108944625e-14
chr3:37096660-37129062:-	6.963656049999317e-07	4.066556946043804e-18	4.840229592778321e-06	7.628535183829715e-17
chr3:39407786-39410753:-	6.974813493047163e-05	0.0011108180995219	3.522247563685902e-05	0.0009204676977744
chr3:47877523-47914816:+	5.480616155958029e-09	0.010561601357027	3.9667743601719684e-10	0.0033243193490613
chr3:47877523-47914816:-	2.238709767223101e-05	0.0181848981483258	5.49920211004933e-06	0.0236639091713065
chr3:101682492-101682770:+	0.0001729741258562	8.576709458171974e-14	5.858654018381804e-05	1.1785425565866327e-14
chr3:101682509-101682770:+	2.3841729090267012e-05	2.730457056536161e-14	2.4058022758571775e-07	3.031957236922139e-17
chr3:101682509-101682770:-	0.0176786558955518	0.0004811347705422	0.0050021613863597	0.0001093192238839
chr3:108047292-108051938:-	0.0006267398416207	5.262541203303328e-08	2.1255838138360123e-05	3.0769362834760337e-10
chr3:129171538-129171633:-	0.0011182685995164	4.814016408838819e-25	0.0078787919461833	1.0735022473374006e-21
chr3:132578881-132579491:+	0.0004722753989142	1.7811022489628663e-08	0.0260698786850051	5.088881676171716e-06
chr3:170868134-170868297:+	1.2652992024313703e-16	6.854245225002128e-30	1.2757888134518878e-10	9.054727215666808e-23
chr3:170868134-170868297:-	1.27659937508922e-39	9.583000391633413e-72	2.1275918988624432e-30	7.011943193749523e-60
chr3:170868201-170868297:+	1.2652992024313703e-16	6.854245225002128e-30	1.2757888134518878e-10	9.054727215666808e-23
chr3:170868201-170868297:-	1.27659937508922e-39	9.583000391633413e-72	2.1275918988624432e-30	7.011943193749523e-60
chr3:179347810-179348844:+	0.0147047214033181	0.0001072349304849	0.0494343957342464	0.0008151935890266
chr3:179347810-179348847:+	0.0147047214033181	0.0001072349304849	0.0494343957342464	0.0008151935890266
chr3:196937631-196939392:+	0.0166692087098664	0.0001772876867095	0.0045677889352447	4.276933904436125e-05
chr3:196937631-196939392:-	0.0010451328074275	6.655584774466068e-07	0.0030172031669223	2.532782788791493e-06
chr3:196937648-196939250:+	0.0166692087098664	0.0001772876867095	0.0045677889352447	4.276933904436125e-05
chr3:196937648-196939250:-	0.0010451328074275	6.655584774466068e-07	0.0030172031669223	2.532782788791493e-06
chr3:197065448-197065707:-	9.060678705105954e-05	0.0014424131952362	0.0007930551812526	0.0334517380376247
chr3:197065464-197065707:-	9.060678705105954e-05	0.0014424131952362	0.0007930551812526	0.0334517380376247
chr3:197950221-197950935:+	0.0061458163242393	0.0019782962831319	0.0239399845154505	0.0143078495029109
chr3:197950299-197950935:+	0.0097752264430386	0.0038335682853139	0.0358756341822514	0.0244433345422998
chr4:82424883-82425562:+	0.0002475242219165	2.0393028965582502e-09	4.741498240370335e-10	3.6182018692709895e-18
chr4:82424883-82425562:-	0.0026349668430326	0.0004469568507907	3.072791206655561e-09	1.4011200061122623e-10
chr4:82424883-82426036:+	1.1337204310196e-09	2.0806847163072963e-10	7.535338685151725e-26	1.5428395080523336e-27
chr4:82424883-82426036:-	0.0002948165916799	3.766975772882521e-06	1.331100184601341e-16	4.5007835744948815e-21
chr4:82425667-82426036:+	7.730420432438942e-09	4.5991188269796594e-07	1.457804799275315e-26	3.4491642747255365e-23
chr4:82425667-82426036:-	0.0037041602603445	5.398413564616756e-05	7.361145834165036e-14	1.529619454372035e-18
chr4:83456958-83458345:+	0.0026349668430326	3.1110833100884943e-09	0.0003812389789414	1.737885209193581e-11
chr4:83456958-83458345:-	2.437254512494893e-09	4.47764787002943e-17	4.019559092944521e-07	6.305521288517012e-14
chr4:83456958-83459739:+	0.0061661916751048	1.3311212388440952e-12	0.0108531568397202	1.3730373088311973e-12
chr4:83456958-83459739:-	7.03857184982099e-06	7.872990023428837e-20	0.0078787919461833	3.0251578979939334e-14
chr4:83458429-83459739:-	0.0001307665037434	1.9417794186592148e-16	0.0389755155663523	2.277871519157499e-11
chr4:86693674-86701240:+	0.000652305340446	0.0165007954923078	0.0009090690239115	0.0216573752786187
chr4:86693674-86716529:+	0.0010721160590689	0.003262989738879	0.0010706162461274	0.004787338451037
chr4:86701801-86716529:+	0.0053834466054532	0.0021517468434049	0.005330983262519	0.0051588795045245
chr4:108620600-108621950:+	1.7332131929471006e-06	0.0008563627054915	5.952045072604829e-11	3.157961882960301e-07
chr4:108620712-108621950:+	1.6432567069875636e-06	0.0035470551791091	4.2314317059580687e-11	2.261534826749114e-06
chr5:304221-306601:-	0.0005291845597147	2.690916545888721e-06	0.0285853154295141	0.0005487806161611
chr5:865581-870472:+	1.641354453425809e-07	9.722928127325524e-11	2.367363799297333e-10	2.153875963246605e-13
chr5:865581-870472:-	5.766381456834004e-07	1.9508287855227047e-07	1.0852057766450657e-07	4.663589390534077e-08
chr5:869404-870472:+	7.759354644489759e-05	2.265862974619696e-06	2.1640634519631952e-09	1.4721296436496559e-10
chr5:869404-870472:-	1.657595542184337e-06	1.0374455571775536e-05	3.348227537001692e-08	5.129123404215064e-07
chr5:69355953-69366502:+	0.0002415957912386	2.0393028965582502e-09	0.0014669183777303	4.9537705955408886e-08
chr5:69355953-69366502:-	0.0002052786272189	1.4012192055363504e-07	4.152151172921587e-05	2.269463942766334e-08
chr5:69365754-69366502:+	0.0002415957912386	2.0393028965582502e-09	0.0014669183777303	4.9537705955408886e-08
chr5:69365754-69366502:-	0.0002052786272189	1.4012192055363504e-07	4.152151172921587e-05	2.269463942766334e-08
chr5:140436257-140438493:+	0.0059847043434016	3.320894742463096e-07	0.0003333787150462	1.3321631294570426e-08
chr5:150447735-150449485:-	0.0001840046645839	4.7478097624039584e-08	0.007907376052876	1.6093768556821405e-05
chr5:150447735-150449491:+	0.003003450661024	0.0003174522272434	3.716641034193845e-08	1.773996561207801e-09
chr5:150447735-150449702:+	5.168367114642786e-06	1.2905079367675797e-19	4.525313801992981e-17	3.537224722442556e-39
chr5:150447735-150449702:-	2.7742975628814107e-06	6.37679027821787e-11	8.695331339124258e-08	4.030001817728622e-13
chr5:171388006-171390050:-	2.919810622010197e-06	3.1187303319594365e-17	4.539345543234847e-07	3.0272189283937355e-19
chr5:171388006-171391304:+	0.0424046015797621	9.598321685469724e-14	0.0148984545906503	4.675584308668678e-16
chr5:171388006-171391304:-	2.9663289941623574e-06	1.2341488053012175e-16	9.122733066512636e-07	3.1539420068736545e-18
chr5:171390130-171391304:-	2.9663289941623574e-06	6.815620334537859e-16	1.7506145925033604e-06	3.201362809071371e-17
chr5:178207225-178209329:+	1.8433921631523764e-06	4.377408850310124e-16	0.0387130719352148	3.762389373208584e-08
chr5:178208915-178211889:+	1.949368385424548e-06	1.4348324107735458e-17	0.0244095090793559	1.1137056280943742e-09
chr5:178208915-178211889:-	0.0010764450271486	9.151413211097886e-15	0.0236439679821341	3.6809276102032395e-11
chr5:179623164-179623635:-	5.931421766618713e-05	1.308959353518002e-08	0.0115832602639294	2.769455645197445e-05
chr5:179879197-179879627:+	0.0119423467268882	1.5309820604616485e-07	0.0030172031669223	5.996997603443408e-08
chr5:179879197-179879627:-	0.0011990090500185	4.4145626959260117e-10	0.0034887302733532	4.3327869786759324e-10
chr5:179879197-179888102:+	0.0105304593347703	1.0025668375373397e-07	0.0023321836218413	1.4159122553227278e-08
chr5:179879197-179888102:-	0.0002106462802204	3.036009208703749e-13	0.0013658814032398	2.199099362319975e-12
chr5:179879789-179888102:+	7.273356096935685e-05	1.551166979187229e-09	2.769969570112718e-06	4.180051406908705e-11
chr5:179879789-179888102:-	4.243111160796737e-05	5.982720966626079e-16	0.0004175900745625	1.0420660714467782e-14
chr6:4133701-4135510:-	1.3134185900333467e-05	2.273516467853959e-05	5.3759101527298516e-14	3.532559030673371e-14
chr6:4133711-4135510:-	6.550765421508517e-07	5.991574195562993e-06	8.162462510754073e-16	1.4964825914436968e-14
chr6:10723241-10724555:+	8.952461305113424e-60	1.598485015826854e-75	3.3398489523648234e-60	9.365582797198315e-77
chr6:10723241-10724555:-	6.241185809655131e-30	1.9964059685777795e-29	9.660263908709331e-29	1.1805840856879962e-27
chr6:10723241-10724569:+	1.1078523309491246e-52	4.505612530518399e-65	4.407737410940385e-49	1.2500237367857868e-61
chr6:10723241-10724569:-	4.285562643483784e-26	1.624034122253937e-26	1.3071924476718309e-23	5.967864062341743e-24
chr6:31538855-31539146:-	0.002330539713315	0.0487034721041769	2.5101992497427375e-12	5.820864201237773e-09
chr6:31538939-31539146:-	0.0038181603781701	0.0224180144622985	2.4646180984271897e-12	2.7644170027888627e-10
chr6:31644194-31644306:+	1.582438540550088e-05	3.254190733653579e-08	2.819020293134706e-05	7.058266746545833e-08
chr6:31644194-31644306:-	0.0004984090600978	1.9872468894431493e-07	0.0039767425611028	4.71923125766132e-06
chr6:31644194-31644524:+	8.810046067170163e-07	1.8992847335084416e-10	1.032253133980394e-07	2.6653965524190384e-11
chr6:31644194-31644524:-	6.333359232206042e-08	3.3124077051059507e-10	5.430351598756894e-05	1.019567907108958e-06
chr6:31644414-31644524:+	9.783380807934311e-05	2.137601279542419e-07	0.0003114624478102	1.0823808530178602e-06
chr6:31644414-31644524:-	1.5069574230540536e-06	6.528307629337109e-07	0.0030787335568956	0.0019672727936343
chr6:31835451-31836423:+	0.0045490275431052	0.0015083477010184	3.0842105799419595e-06	1.4365756796540584e-06
chr6:31835451-31836423:-	0.0045719312404748	0.0003736977466665	0.0083170403425573	0.0011599184658197
chr6:31835451-31837235:+	0.0001595699264997	1.5752238682952466e-05	6.569105632352272e-09	7.833613220148255e-10
chr6:31835451-31837235:-	0.0050484484343108	0.0008439768644155	0.0030505564122533	0.0008245880871181
chr6:31836517-31837235:+	0.0022019940293573	0.0001130654229705	3.276475947743537e-07	1.2509142017426385e-08
chr6:31836517-31837235:-	0.0441491408211864	0.0367079975716195	0.0079308404705214	0.0096786742803831
chr6:35469027-35469380:+	8.316959964313106e-05	1.2207711266619286e-06	0.0001709500801002	5.093024164815385e-06
chr6:35469027-35469380:-	7.03857184982099e-06	2.797567334048592e-06	5.5887776403074536e-11	3.407826111588803e-11
chr6:35469285-35469380:+	0.0002214347622964	2.7429757390356928e-05	0.0001744951785499	2.6652648064460587e-05
chr6:35469285-35469380:-	8.523956717682401e-07	1.0282010330207678e-06	6.237880697015319e-11	2.3207239084244652e-10
chr6:36598983-36599820:+	4.114535610616817e-13	9.983882207529854e-10	3.595837786097176e-07	0.0002322432084869
chr6:36598983-36599820:-	5.387202468744312e-10	1.6156349552660657e-08	1.333227258369098e-07	5.865369471912596e-06
chr6:36598983-36601151:+	2.786158877899e-16	8.95834141660958e-16	7.069254660366945e-14	3.7970091169809294e-13
chr6:36598983-36601151:-	4.248280378153703e-15	4.753131886280834e-17	3.55754528417454e-13	9.905818717296128e-15
chr6:36600276-36601151:+	1.1745316811310428e-05	1.1233800073504197e-07	3.199606036862611e-07	2.208331087369289e-09
chr6:36600276-36601151:-	1.7476470254043235e-05	3.1110833100884943e-09	5.66010474502398e-06	1.0894673772162542e-09
chr6:42879951-42880860:+	0.0093655564368394	3.960461856301717e-15	0.0374747479260013	3.1433855632198125e-13
chr6:43771312-43774340:+	0.0161771104301606	0.0340860003663409	0.0013628717466034	0.0057945400590161
chr6:43772101-43774340:+	0.0093655564368394	0.0340860003663409	0.0071177448813854	0.0329949992803712
chr6:83162919-83167861:-	0.0003981935223692	1.4992384845232284e-06	0.0238758939277456	0.0022455143940879
chr6:85536924-85541984:-	0.0067198423786264	0.0069903630571651	0.0012761281306431	0.0018876907142515
chr6:99402710-99404602:+	0.0332488400669772	0.0066142697008847	0.0086391566528225	0.0021778261340652
chr6:99550309-99550992:+	0.0021847821650888	0.0291221597607411	0.0004459675945645	0.0137717028777515
chr6:132815088-132816460:+	0.0435460824687916	9.24916922323008e-06	6.814761783229271e-05	1.4233060973350767e-09
chr6:132815088-132816460:-	0.0240864346397248	5.0733953963486985e-08	0.0030172031669223	1.631657321895097e-09
chr6:132815224-132816460:+	0.0435460824687916	9.24916922323008e-06	6.814761783229271e-05	1.4233060973350767e-09
chr6:132815224-132816460:-	0.0240864346397248	5.0733953963486985e-08	0.0030172031669223	1.631657321895097e-09
chr7:26190460-26190992:-	2.7948619380528945e-07	3.5651887476371544e-24	8.36873088930244e-07	6.391621703171205e-23
chr7:26190460-26192494:+	7.759354644489759e-05	2.135443883754505e-13	4.4687882106071016e-08	4.056328105844368e-19
chr7:26190460-26192494:-	8.896157125239834e-14	2.8687386311555784e-21	3.2539180636170468e-21	4.1190811718957365e-31
chr7:26192338-26192494:+	1.732325805245541e-06	0.0009041626751644	1.0264578332385545e-12	2.1048652679675572e-08
chr7:26192338-26192494:-	1.265966351907437e-06	0.0156138630289781	1.8703542700107148e-17	1.2332919705762643e-09
chr7:44796793-44798747:-	0.043481854165855	0.0402293258362427	5.276702236114024e-05	6.801910605885506e-05
chr7:45103443-45104098:+	0.0437561301228032	0.0051347054826349	0.0026961963987403	0.0001888076567821
chr7:45104256-45104537:+	0.0101448473759976	0.0002468430800822	0.0119267563249915	0.0004316182361788
chr7:56073111-56074173:-	0.0011585928646664	0.0057049934230141	5.202305279058054e-10	3.622953074732518e-08
chr7:56073111-56074585:+	0.0001065379969315	0.0320405024697367	1.9789309094331035e-05	0.0161456637982006
chr7:56073111-56074585:-	1.5069574230540536e-06	0.0098276971184234	3.131695460990406e-11	1.916103735219605e-05
chr7:56074218-56074585:-	0.0111611233939985	0.0124818268978377	5.771036423547515e-10	9.084664668277938e-09
chr7:72952295-72953325:-	0.0011532768095493	9.880327094668589e-08	0.025043416725007	2.798188536879024e-05
chr7:72954479-72954624:-	0.0058781756333996	5.221734774580935e-05	0.0001438316159922	2.7754482976625626e-07
chr7:74189918-74190246:+	0.0442628879043002	3.497883307248625e-33	0.0222195011022997	1.1048018569189882e-34
chr7:74189918-74190246:-	0.0004034310851549	1.100287746232299e-51	0.0005347323992754	3.1904151644703926e-54
chr7:74189918-74194740:+	2.9663289941623574e-06	5.197773728894578e-60	1.9197721461637295e-05	4.892705846121108e-59
chr7:74189918-74194740:-	1.3016594608286649e-05	8.828659669802363e-68	2.005498189968841e-07	6.903917664822026e-77
chr7:74190306-74194740:+	8.354649586085481e-05	6.891620733287246e-42	0.0019131477262435	6.530977895099245e-39
chr7:97869179-97872350:-	0.0073408388963858	1.06644187732236e-15	0.0001827776421764	2.303689327145105e-18
chr7:97869813-97872350:-	1.497202125752825e-10	2.3576070784213518e-22	3.841540802488724e-12	8.894429692080111e-24
chr7:97871996-97872350:-	3.2181069665334105e-05	2.557535800339085e-06	0.0005303723836094	6.666387044955522e-05
chr7:100356883-100358226:-	0.0463958176607845	0.0009248227960732	0.0134466036243403	0.0002052216768348
chr7:134294961-134295079:-	0.0212377669916247	2.401101323087032e-05	0.012750007591875	1.89402065457581e-05
chr7:134295079-134296390:-	0.0009819013806888	1.6489677138912745e-05	0.0019447011971975	7.000523683743384e-05
chr7:141006535-141009674:+	0.010861849649712	1.6741050448117545e-07	0.0390383712164669	8.323521969799509e-06
chr7:141006535-141010418:+	0.010861849649712	1.6741050448117545e-07	0.0390383712164669	8.323521969799509e-06
chr7:141010660-141014550:-	0.0308143106854132	1.3453258121587513e-05	0.0014759764586531	3.623395108291635e-07
chr8:66922392-66922613:-	6.778013387401896e-05	1.9054406037275763e-09	0.0003701311918355	1.5323817560086636e-08
chr8:66922392-66925436:-	0.0026171208583829	1.9202755496907773e-09	0.009766495962156	9.732774488385138e-09
chr8:102836390-102838743:-	0.0408329789852369	0.0014749014574027	0.0151726141700371	0.0006781969556988
chr8:102836541-102838743:-	0.0408329789852369	0.0014749014574027	0.0151726141700371	0.0006781969556988
chr8:108203117-108203400:+	0.0013899619107815	3.118546331115424e-08	1.5136409512691671e-05	8.184009092496397e-11
chr8:108203138-108203400:+	0.0013899619107815	3.118546331115424e-08	1.5136409512691671e-05	8.184009092496397e-11
chr8:108242346-108248612:-	0.0182143990030896	8.945692057438603e-05	0.046729122232521	0.0003505136817954
chr9:35813145-35813265:+	0.0150137043925769	3.3835460241188995e-05	0.0024868658700831	3.2017885722176485e-06
chr9:35813145-35813265:-	0.000110098189174	8.559412817915049e-06	0.0013822289906423	0.0002016434010904
chr9:35813156-35813265:+	0.0150137043925769	3.3835460241188995e-05	0.0024868658700831	3.2017885722176485e-06
chr9:35813156-35813265:-	0.000110098189174	8.559412817915049e-06	0.0013822289906423	0.0002016434010904
chr9:92258998-92260150:-	0.042843772748702	0.0008297950744206	0.0239002439641767	0.0005963008493292
chr9:92260234-92262968:-	0.0284294847196813	0.0021827652110538	0.0052600610254177	0.0005835850077497
chr9:92265123-92265479:+	0.0112851885287756	0.0215068582362722	0.0042291336401519	0.0173884536207957
chr9:92268300-92269884:-	0.0125720793074334	0.0002802750365461	0.0374747479260013	0.0014767366998106
chr9:92271655-92274425:-	0.0046128057611567	0.0016323208848683	0.0017497268539755	0.0008205635927719
chr9:92274521-92277862:-	0.0097752264430386	0.0009376238632313	0.0042705051790123	0.0007179939355627
chr9:92277923-92278198:-	0.0068185594567037	0.001682010799686	0.001739554866729	0.0007670694073642
chr9:92278286-92280745:-	0.0067022779977678	8.945692057438603e-05	0.0018444058233281	3.510026574173199e-05
chr9:92280893-92285721:-	0.0068389588344861	0.0005426834689773	0.0029155939637753	0.0004211430027701
chr9:92285839-92286535:-	0.0065581446220986	0.0002997581177359	0.0028219450541865	0.0002348245576614
chr9:92286618-92287790:-	0.0065770049683471	0.0015255170040642	0.000698812298402	0.0002689971782082
chr9:92287910-92288125:+	0.0247726520658465	0.0194393685989268	0.0064429999736063	0.0101700970952707
chr9:92287910-92288125:-	0.0088948859369697	0.0013822047580605	0.0078313252927643	0.0012801710970566
chr9:122261498-122264714:-	6.194651968620355e-06	9.223554028596119e-11	3.431873710098377e-06	1.737885209193581e-11
chr9:122261508-122264714:-	6.194651968620355e-06	9.223554028596119e-11	3.431873710098377e-06	1.737885209193581e-11
chr9:127450804-127451049:+	1.1414733516878294e-08	3.307028150368179e-14	3.254007569033822e-19	5.0255924106802326e-27
chr9:127450804-127451049:-	1.1150587430534316e-10	8.65693937619732e-26	6.963871952235023e-08	1.0735022473374006e-21
chr9:127450804-127451280:+	8.011256180538429e-09	3.875309387606953e-14	3.420378617001419e-20	9.796666556872729e-28
chr9:127450804-127451280:-	1.1337204310196e-09	4.04639328414232e-24	8.508493664641694e-08	5.32233829145375e-21
chr9:135501973-135503541:+	0.0277388011311773	0.0023010877556271	0.0006373089685209	5.0664333790599525e-05
chr9:136862345-136862905:+	0.0001908374903582	7.469904970725937e-05	0.0183619726740137	0.0107677824516815
chr9:136862345-136862905:-	0.000306583579112	1.65388465005621e-06	0.0410202913741433	0.0011810351672375
chr9:136862496-136862905:+	0.0011451225732552	0.0014576848056846	0.0085803177383014	0.0158158048979769
chr9:136862496-136862905:-	0.0003876988918205	0.000630153146403	0.0062092794115197	0.0133447114801058
chrX:23783883-23784293:+	0.0007731653358673	1.415085477261981e-06	0.0349280294467215	0.000912054979431
chrX:23783883-23785327:+	0.0003207860927251	1.4958233797792332e-06	0.0033404125077559	7.000523683743384e-05
chrX:23783883-23785327:-	3.312105314354623e-09	2.2645830924825178e-11	0.0476129677038679	0.0117375824798059
chrX:23784403-23785327:+	0.0172986302700986	0.0031346450296779	0.0125910572678812	0.0023023494692395
chrX:47199614-47200409:+	0.009553159971863	0.0482802811550239	0.0037328836777419	0.0417189224744084
chrX:47199614-47200893:+	1.1069931558530373e-07	4.092840085766458e-05	2.1643125157229734e-08	3.211198810235623e-05
chrX:47199614-47200893:-	1.0248578993349966e-06	2.2234267580347847e-05	6.796381582538456e-08	1.1852817947858997e-05
chrX:47200544-47200893:+	0.0008828907546734	0.0199176902119494	0.0002656567978623	0.0163105152652219
chrX:47200544-47200893:-	0.0109899513015101	0.0008722540012239	0.0012257880183537	7.264057771159817e-05
chrX:47218664-47223551:-	0.0030879982621524	8.146347396821638e-07	0.0120913190000852	6.681246182137953e-07
chrX:73821029-73822070:+	1.3250186560621804e-11	3.7017886428727516e-56	0.0001664425076457	3.1686770014022397e-37
chrX:73821029-73822070:-	9.775944127216764e-12	9.517408316740767e-41	0.0426461036009073	2.9435140163458365e-19
chrX:73821029-73826114:+	2.7948619380528945e-07	2.6868567022164037e-45	0.0063310541431762	2.2804220397833164e-32
chrX:73821029-73826737:+	0.0030414071426903	2.5665352417941054e-06	0.0035076039247499	5.071362907719041e-06
chrX:73822216-73826114:+	1.305014209640818e-07	1.5360877761277462e-34	4.7146247457098114e-08	1.2528730246437642e-35
chrX:73827928-73829067:+	7.86315832063435e-05	2.794794262932713e-07	0.0001501027540393	9.235660359352658e-07
chrX:73827928-73829067:-	0.0001158468836194	4.897450155958481e-11	1.5092534908860064e-05	2.7122130361093656e-12
chrX:73827984-73829067:+	3.930072591309512e-05	4.665391355830023e-09	0.0003898189831057	1.2798768553718085e-07
chrX:73827984-73829067:-	2.377261588147619e-06	8.979376083559769e-14	3.047444904273587e-06	1.3657225621124005e-13
chrX:103215238-103215681:+	1.742426109716178e-07	0.0304983677408989	5.811558289715282e-12	0.0001501376687625
chrX:103215238-103215681:-	0.0001161662103706	0.0049564815306973	3.25611211341307e-08	1.623693718948213e-05
chrX:103215238-103216148:+	9.523208997839073e-08	0.0138558085919375	4.528155828680697e-12	7.198844806803235e-05
chrX:103215238-103216148:-	2.3705468721430895e-05	0.0084677144410275	9.998091625806421e-09	7.513371896848777e-05
chrX:103215764-103216148:+	2.253907585925399e-06	0.0116074738863457	7.90036170014986e-10	0.0001394598676104
chrX:103215764-103216148:-	1.768950512823946e-05	0.0267478613165167	3.296437296183626e-08	0.000431365015596
chrX:103356606-103357082:+	8.917250533769298e-06	4.712200376237905e-06	0.0285383374610237	0.0238812900811447
chrX:103356606-103357614:+	4.813663160480658e-05	7.354342519983489e-06	0.0114158813129643	0.0039552912231109
chrX:103678600-103685170:+	0.0087345756497029	2.273100575494422e-05	0.0066108213753189	1.3634017652461964e-05
chrX:106612087-106612573:+	0.0005731322371017	0.0001695122066054	2.957847210672771e-06	1.7665543961685122e-06
chrX:106612087-106612586:+	0.0005731322371017	0.0001695122066054	2.957847210672771e-06	1.7665543961685122e-06
chrX:108722523-108723001:+	1.1341086663251331e-06	4.929094927782284e-10	2.18289550549724e-11	1.0993693093627414e-16
chrX:108722523-108723001:-	0.0070540453194139	2.2027135963125104e-11	4.004869816674059e-06	1.1679076436846204e-19
chrX:108722523-108732578:+	2.8930727260360373e-06	2.793037345219729e-08	8.678865493697826e-11	3.521526676180919e-14
chrX:108731897-108732578:+	0.0268613616093137	0.0076522521916063	0.011281237901516	0.0042032814862693
chrX:119790011-119791573:-	0.0348607945369806	3.627182509712565e-09	0.044632058277655	1.1643819450748138e-08
chrX:120431462-120441729:+	1.698129011054131e-07	3.1187303319594365e-17	9.327040585193506e-07	7.519819306857628e-16
chrX:120431462-120441729:-	0.0098329926438925	3.69171359446171e-08	0.0169402658399548	2.573529377626503e-07
chrX:120439293-120441729:+	1.698129011054131e-07	3.1187303319594365e-17	9.327040585193506e-07	7.519819306857628e-16
chrX:120439293-120441729:-	0.0098329926438925	3.69171359446171e-08	0.0169402658399548	2.573529377626503e-07
chrX:124090764-124094017:+	7.2616676750658145e-06	3.6337920063651934e-06	0.0054813019861784	0.0048617592934924
chrX:124090964-124094017:+	4.915158309160177e-05	1.2982366732737818e-05	0.0288727670371114	0.0143675201021729
chrX:136872345-136873245:-	3.312105314354623e-09	0.0119891990327784	3.239829084408733e-23	6.381118120838648e-11
chrX:154399941-154400463:+	0.0394340654468687	9.566371488470716e-10	0.0007761817134746	4.2691469017131514e-13
chrX:154399941-154400463:-	7.252885330030667e-09	3.747647147811671e-26	1.303932538099094e-13	6.300043607546655e-33
chrX:154399941-154400701:+	0.014921340653743	1.6185583634156628e-11	0.0001065167749326	1.5567616764704773e-15
chrX:154399941-154400701:-	7.770195318174892e-08	2.459659281197956e-27	2.7321980505277333e-16	1.6925653129181164e-40
chrX:154400626-154400701:+	0.0007674823980437	7.781342003231544e-14	4.442613363983756e-05	6.615785599246942e-16
chrX:154400626-154400701:-	7.4997333520359e-09	4.709354377288105e-28	6.149643274470337e-16	4.905337591439574e-39
