cluster	SRR12801019	SRR12801023	SRR12801020	SRR12801024
chr1:28205306-28232920:-	0.006	0.007	0.017	0.028
chr1:28205349-28208341:-	0.964	0.957	0.898	0.845
chr1:28208413-28209971:-	0.941	0.94	0.863	0.805
chr1:28210637-28214939:-	0.959	0.951	0.888	0.837
chr1:28214996-28228921:-	0.962	0.955	0.896	0.847
chr1:32329160-32330577:+	0.953	0.96	0.858	0.83
chr1:32791254-32797591:+	0.007	0.008	0.037	0.056
chr1:32791254-32797762:+	0.975	0.98	0.938	0.906
chr1:38866999-38873017:+	0.042	0.053	0.37	0.326
chr1:38867009-38867561:+	0.935	0.924	0.5	0.552
chr1:45602365-45604916:+	0.0	0.0	0.103	0.089
chr1:45602365-45604916:-	0.002	0.01	0.073	0.075
chr1:45602365-45604935:+	0.979	0.986	0.879	0.882
chr1:67424322-67424887:-	0.256	0.248	0.201	0.169
chr1:67424959-67425082:+	0.435	0.436	0.256	0.251
chr1:67424959-67425082:-	0.455	0.429	0.256	0.23
chr1:67424959-67426162:-	0.003	0.002	0.011	0.014
chr1:67424977-67425082:+	0.563	0.559	0.721	0.721
chr1:67424977-67425082:-	0.539	0.567	0.712	0.732
chr1:67425223-67426134:-	0.993	0.996	0.968	0.968
chr1:68481612-68483949:-	0.835	0.858	0.658	0.667
chr1:92837630-92840550:+	0.08	0.077	0.059	0.039
chr1:92837633-92840550:+	0.919	0.922	0.941	0.958
chr1:100992740-100995109:+	0.882	0.848	0.621	0.509
chr1:100992740-100995109:-	0.918	0.892	0.65	0.514
chr1:100992754-100995109:+	0.0	0.019	0.164	0.266
chr1:100992754-100995109:-	0.0	0.004	0.175	0.308
chr1:110950123-110951287:+	0.233	0.353	0.778	0.848
chr1:110950123-110951287:-	0.312	0.269	0.741	0.885
chr1:110950123-110963620:+	0.667	0.537	0.168	0.108
chr1:110950123-110963620:-	0.611	0.559	0.171	0.059
chr1:111119959-111120515:+	0.813	0.816	0.597	0.469
chr1:111119959-111120515:-	0.829	0.81	0.59	0.491
chr1:111119959-111120531:+	0.179	0.184	0.387	0.486
chr1:111119959-111120531:-	0.171	0.19	0.41	0.509
chr1:111120693-111124741:+	0.957	0.949	0.797	0.762
chr1:111120693-111126226:+	0.016	0.022	0.081	0.099
chr1:111124881-111126226:+	0.96	0.924	0.772	0.75
chr1:119727102-119734633:+	0.98	0.982	0.926	0.949
chr1:119727102-119734633:-	0.966	0.967	0.894	0.908
chr1:119734766-119735106:+	0.003	0.001	0.046	0.049
chr1:119734766-119735106:-	0.003	0.001	0.05	0.035
chr1:119734766-119735294:+	0.997	0.999	0.954	0.951
chr1:119734766-119735294:-	0.997	0.999	0.95	0.965
chr1:147271005-147272170:-	0.913	0.893	0.589	0.612
chr1:150625808-150626478:-	0.029	0.028	0.001	0.002
chr1:150625808-150627466:-	0.926	0.941	0.989	0.997
chr1:154212624-154213892:-	0.938	0.922	0.847	0.858
chr1:154212624-154214456:-	0.034	0.041	0.081	0.071
chr1:154213946-154214456:+	0.881	0.881	0.794	0.799
chr1:154213946-154214456:-	0.919	0.905	0.826	0.831
chr1:155308965-155310042:+	0.276	0.341	0.552	0.632
chr1:155308965-155310063:+	0.47	0.467	0.245	0.161
chr1:156011887-156018131:+	0.02	0.02	0.046	0.072
chr1:156011887-156018131:-	0.016	0.018	0.043	0.08
chr1:156015069-156018269:+	0.946	0.95	0.898	0.852
chr1:156015069-156018269:-	0.962	0.959	0.911	0.837
chr1:156562665-156563133:+	1.0	0.992	0.827	0.839
chr1:156562665-156563133:-	0.974	0.962	0.782	0.756
chr1:156562674-156563133:+	0.0	0.008	0.173	0.161
chr1:156727769-156728414:-	0.89	0.854	0.595	0.568
chr1:184054863-184095689:-	0.121	0.156	0.023	0.034
chr1:193029657-193049745:+	0.963	0.97	0.799	0.822
chr1:193029657-193049745:-	0.973	0.933	0.732	0.79
chr1:204532246-204538208:+	0.188	0.132	0.656	0.76
chr1:204532246-204538208:-	0.184	0.204	0.75	0.692
chr1:204537497-204538208:+	0.667	0.697	0.207	0.128
chr1:204537497-204538208:-	0.686	0.615	0.175	0.081
chr1:205729593-205750089:-	0.0	0.002	0.013	0.012
chr1:205729621-205749956:-	0.996	0.996	0.986	0.982
chr1:207785682-207790252:-	0.522	0.547	0.363	0.285
chr1:207785682-207793518:-	0.303	0.295	0.489	0.557
chr1:207790345-207793518:-	0.543	0.534	0.31	0.279
chr1:224317930-224330070:-	0.111	0.142	0.28	0.29
chr1:224326464-224330070:-	0.85	0.824	0.657	0.645
chr1:233372160-233375915:+	1.0	0.979	0.603	0.667
chr10:71822007-71823887:+	0.432	0.437	0.225	0.18
chr10:71822007-71823887:-	0.464	0.428	0.239	0.166
chr10:71822007-71825836:+	0.398	0.39	0.634	0.692
chr10:71822007-71825836:-	0.372	0.401	0.622	0.72
chr10:71823893-71825836:+	0.057	0.065	0.02	0.021
chr10:71823896-71825836:+	0.374	0.375	0.202	0.163
chr10:71823896-71825836:-	0.365	0.365	0.185	0.13
chr10:78037304-78040203:-	0.784	0.781	0.733	0.719
chr10:78037304-78040614:-	0.132	0.133	0.171	0.179
chr10:78040225-78040614:-	0.735	0.737	0.671	0.662
chr10:87756922-87767672:+	0.985	0.945	0.798	0.817
chr10:87756922-87767672:-	0.985	0.968	0.769	0.831
chr10:87759800-87767672:+	0.004	0.0	0.087	0.113
chr10:97443311-97445731:+	0.861	0.9	0.725	0.683
chr10:97443311-97445731:-	0.813	0.821	0.602	0.63
chr10:119169313-119177141:-	0.012	0.01	0.032	0.05
chr10:119173872-119174450:-	0.949	0.958	0.86	0.811
chr10:119174592-119177020:-	0.944	0.952	0.85	0.762
chr11:644654-653961:+	0.905	0.871	0.693	0.59
chr11:8683265-8683989:+	0.001	0.0	0.004	0.005
chr11:8683265-8683989:-	0.0	0.0	0.004	0.004
chr11:8684081-8684696:-	0.0	0.0	0.003	0.003
chr11:15073663-15073794:+	0.001	0.008	0.058	0.072
chr11:43335994-43339240:-	0.065	0.08	0.009	0.01
chr11:61789921-61790492:-	0.982	0.984	0.919	0.891
chr11:62853833-62854518:-	0.009	0.03	0.051	0.071
chr11:62854064-62854518:-	0.983	0.942	0.904	0.869
chr11:62854551-62854887:+	0.927	0.937	0.859	0.794
chr11:62854551-62854887:-	0.861	0.856	0.784	0.715
chr11:62854551-62855132:+	0.036	0.031	0.072	0.112
chr11:62854551-62855132:-	0.073	0.076	0.114	0.157
chr11:62854938-62855132:+	0.934	0.944	0.87	0.804
chr11:62854938-62855132:-	0.868	0.858	0.789	0.724
chr11:72228498-72228646:+	0.023	0.02	0.333	0.268
chr11:72228498-72228726:+	0.977	0.98	0.667	0.732
chr11:75401733-75402351:-	0.995	0.993	0.986	0.986
chr11:75401733-75404019:-	0.002	0.002	0.005	0.005
chr11:75402446-75404019:-	0.997	0.997	0.993	0.993
chr11:93733397-93734624:-	0.782	0.708	0.95	0.92
chr11:93733419-93734624:-	0.218	0.286	0.029	0.066
chr11:119017545-119017957:-	0.982	0.985	0.963	0.965
chr11:119017545-119018281:-	0.002	0.002	0.008	0.008
chr11:119018053-119018281:-	0.996	0.997	0.988	0.989
chr11:125102317-125102733:-	0.806	0.75	0.324	0.34
chr11:130122513-130123611:-	0.34	0.339	0.227	0.201
chr11:130122513-130126699:+	0.421	0.463	0.552	0.619
chr11:134248484-134248808:+	0.88	0.866	0.691	0.658
chr12:6966500-6967170:+	0.981	0.981	0.939	0.825
chr12:6966500-6967891:+	0.002	0.003	0.022	0.071
chr12:6966500-6967891:-	0.002	0.003	0.014	0.048
chr12:6967238-6967891:+	0.006	0.008	0.025	0.038
chr12:6967248-6967675:+	0.942	0.94	0.833	0.65
chr12:6967248-6967675:-	0.959	0.956	0.895	0.75
chr12:6967779-6967891:+	0.955	0.957	0.869	0.701
chr12:6967779-6967891:-	0.958	0.95	0.894	0.75
chr12:47966172-47966682:-	0.482	0.444	0.3	0.309
chr12:53442733-53443486:+	0.01	0.011	0.067	0.075
chr12:55822187-55822372:+	1.0	0.969	0.622	0.5
chr12:55822732-55823069:+	1.0	0.985	0.798	0.8
chr12:56639196-56639979:-	0.0	0.0	0.012	0.009
chr12:56644955-56645170:+	0.986	0.993	0.96	0.964
chr12:57719182-57720405:-	0.502	0.47	0.621	0.614
chr12:76056161-76060137:+	0.002	0.005	0.017	0.033
chr12:76059878-76060137:+	0.992	0.987	0.947	0.911
chr12:106985215-106986968:-	0.136	0.286	0.903	0.826
chr12:106985225-106986968:-	0.864	0.714	0.097	0.174
chr12:120197462-120198553:+	0.97	0.977	0.954	0.905
chr12:120197462-120198553:-	0.974	0.978	0.959	0.915
chr12:120197462-120198853:+	0.013	0.01	0.02	0.043
chr12:120197462-120198853:-	0.012	0.01	0.019	0.042
chr12:120198739-120198853:+	0.968	0.977	0.957	0.921
chr12:120198739-120198853:-	0.964	0.971	0.95	0.913
chr12:120199485-120200718:+	0.025	0.024	0.044	0.038
chr12:120199485-120200718:-	0.023	0.02	0.033	0.031
chr12:120199485-120200729:+	0.973	0.975	0.954	0.959
chr12:120199485-120200729:-	0.962	0.968	0.937	0.94
chr12:120199485-120201082:-	0.006	0.005	0.012	0.011
chr12:120496216-120496401:+	0.085	0.1	0.439	0.5
chr12:120496216-120496401:-	0.085	0.11	0.475	0.554
chr12:120496216-120496415:+	0.911	0.899	0.559	0.499
chr12:120496216-120496415:-	0.904	0.882	0.519	0.444
chr14:19062466-19064582:+	0.656	0.574	0.27	0.173
chr14:19062466-19066000:+	0.043	0.063	0.173	0.155
chr14:19334081-19337579:-	0.065	0.096	0.195	0.189
chr14:19335462-19337579:-	0.699	0.62	0.309	0.21
chr14:20354247-20354808:-	0.918	0.915	0.693	0.761
chr14:21263829-21269297:+	0.051	0.056	0.11	0.121
chr14:21263829-21269297:-	0.023	0.032	0.059	0.061
chr14:22947731-22947867:-	0.986	0.972	0.76	0.68
chr14:22947731-22950313:-	0.005	0.012	0.125	0.142
chr14:23068701-23069475:+	0.048	0.07	0.227	0.223
chr14:24100213-24102752:-	0.971	0.958	0.883	0.858
chr14:74882016-74882590:+	0.873	0.891	0.621	0.686
chr14:74882016-74885585:+	0.06	0.038	0.164	0.12
chr14:74882624-74885585:+	0.843	0.849	0.559	0.654
chr14:74889349-74889877:+	0.017	0.006	0.316	0.329
chr14:74889349-74889896:+	0.983	0.982	0.637	0.649
chr14:75053659-75063469:-	0.56	0.57	0.832	0.783
chr14:94096965-94102476:+	0.017	0.013	0.167	0.219
chr14:94100771-94101813:-	0.815	0.87	0.455	0.387
chr14:103712941-103715336:-	0.0	0.0	0.135	0.108
chr14:105445511-105450057:+	0.392	0.356	0.583	0.561
chr14:105449409-105450057:+	0.447	0.449	0.21	0.244
chr15:66502750-66503057:+	0.999	1.0	0.995	0.994
chr15:66502871-66503357:+	0.0	0.0	0.001	0.001
chr15:66503164-66503357:+	1.0	1.0	0.996	0.995
chr15:69453020-69453646:+	0.991	0.99	0.981	0.974
chr15:69453020-69453646:-	0.99	0.99	0.985	0.977
chr15:69453020-69455169:+	0.004	0.005	0.009	0.012
chr15:69453020-69455169:-	0.006	0.007	0.01	0.015
chr15:69453721-69455169:+	0.993	0.991	0.983	0.977
chr15:69453721-69455169:-	0.98	0.979	0.968	0.956
chr15:72250092-72250844:+	0.772	0.9	0.559	0.538
chr15:72250092-72250844:-	0.774	0.774	0.403	0.391
chr15:72250092-72251206:+	0.121	0.064	0.307	0.316
chr15:72250092-72251206:-	0.109	0.113	0.338	0.366
chr15:74896325-74897010:-	0.819	0.805	0.612	0.526
chr15:74896325-74897511:+	0.072	0.089	0.171	0.267
chr15:74896325-74897511:-	0.086	0.105	0.213	0.289
chr15:74897219-74897511:+	0.865	0.857	0.716	0.585
chr16:793274-794033:+	0.033	0.008	0.218	0.247
chr16:793274-794053:+	0.967	0.992	0.782	0.753
chr16:11850418-11851407:+	0.993	0.988	0.947	0.947
chr16:14919126-14919244:+	1.0	0.989	0.75	0.76
chr16:14919428-14919862:+	1.0	0.988	0.571	0.657
chr16:16317777-16317895:+	0.965	0.962	0.675	0.687
chr16:18349744-18350889:+	0.027	0.026	0.13	0.13
chr16:18788142-18788980:+	0.998	0.998	0.994	0.994
chr16:18788142-18788980:-	0.999	0.998	0.994	0.994
chr16:18788159-18788980:+	0.0	0.0	0.002	0.002
chr16:18788159-18788980:-	0.0	0.0	0.003	0.003
chr16:31185179-31186801:+	0.983	0.988	0.957	0.933
chr16:31185179-31188324:+	0.008	0.006	0.021	0.034
chr16:31186836-31188324:+	0.985	0.989	0.962	0.937
chr16:54920327-54923584:+	0.187	0.174	0.564	0.643
chr16:54920327-54923584:-	0.109	0.076	0.533	0.609
chr16:54920410-54923584:+	0.767	0.795	0.273	0.148
chr16:54920410-54923584:-	0.864	0.873	0.316	0.27
chr16:57440959-57447341:-	0.01	0.017	0.136	0.117
chr16:57440983-57447341:-	0.931	0.93	0.8	0.8
chr16:69120649-69121052:-	0.778	0.736	0.559	0.511
chr16:74480274-74496628:-	0.0	0.0	0.009	0.013
chr16:74483124-74485795:-	1.0	1.0	0.949	0.93
chr16:74491215-74492956:-	1.0	1.0	0.951	0.93
chr16:74493140-74494759:-	1.0	1.0	0.944	0.922
chr16:74494831-74496440:-	1.0	1.0	0.928	0.918
chr16:89712222-89712673:+	0.042	0.055	0.57	0.647
chr16:89712222-89712673:-	0.042	0.056	0.688	0.657
chr16:89712222-89712688:+	0.916	0.921	0.38	0.31
chr16:89712222-89712688:-	0.778	0.82	0.247	0.214
chr17:7857198-7883234:-	0.253	0.229	0.09	0.089
chr17:8207840-8210176:-	0.666	0.714	0.497	0.541
chr17:16217461-16217547:+	0.143	0.214	0.51	0.661
chr17:16217461-16217547:-	0.107	0.087	0.427	0.447
chr17:16217461-16233970:+	0.857	0.786	0.49	0.339
chr17:16217461-16233970:-	0.893	0.913	0.573	0.553
chr17:16381115-16382046:+	0.001	0.002	0.005	0.007
chr17:16439414-16439527:+	0.153	0.156	0.203	0.176
chr17:16439414-16440184:+	0.39	0.44	0.33	0.477
chr17:16441130-16441356:+	0.006	0.001	0.02	0.031
chr17:16441130-16441356:-	0.004	0.005	0.024	0.028
chr17:42562219-42562355:+	0.129	0.074	0.857	0.839
chr17:42562219-42562355:-	0.111	0.077	0.857	0.909
chr17:42562219-42562611:+	0.812	0.667	0.12	0.145
chr17:42998471-42998748:+	0.998	0.999	0.996	0.996
chr17:44323590-44324710:-	0.04	0.045	0.152	0.134
chr17:48048462-48050606:+	0.727	0.718	0.858	0.857
chr17:48048864-48050606:+	0.273	0.263	0.138	0.139
chr17:50750641-50750746:-	0.421	0.428	0.218	0.101
chr17:63799625-63800467:-	0.933	0.967	0.777	0.764
chr17:76557857-76558944:+	0.468	0.459	0.358	0.278
chr17:76557857-76561287:+	0.338	0.38	0.459	0.582
chr18:35993300-36026899:-	0.988	0.981	0.928	0.906
chr18:36025678-36026899:-	0.012	0.019	0.072	0.094
chr18:36145034-36145933:+	0.006	0.005	0.105	0.133
chr18:36145034-36145933:-	0.0	0.009	0.126	0.133
chr18:36145034-36145947:+	0.994	0.995	0.895	0.867
chr18:36145034-36145947:-	1.0	0.991	0.874	0.867
chr18:50285247-50285324:-	0.976	0.964	0.582	0.574
chr18:50285247-50285748:-	0.012	0.018	0.267	0.269
chr18:50285351-50285748:-	0.978	0.965	0.576	0.58
chr18:59900235-59902646:-	0.956	0.967	0.883	0.849
chr19:572701-579499:+	0.992	0.994	0.979	0.978
chr19:579656-580378:+	0.99	0.997	0.966	0.957
chr19:579656-580378:-	0.995	0.998	0.978	0.975
chr19:3981452-3981946:+	0.999	0.999	0.993	0.994
chr19:3981452-3981946:-	1.0	0.998	0.992	0.99
chr19:3981452-3982408:+	0.0	0.001	0.005	0.004
chr19:3981452-3982408:-	0.0	0.001	0.005	0.005
chr19:3982052-3982245:+	0.999	0.998	0.98	0.986
chr19:3982052-3982245:-	1.0	0.997	0.988	0.985
chr19:11447618-11447692:+	0.33	0.301	0.518	0.514
chr19:11447618-11447722:+	0.323	0.333	0.191	0.234
chr19:13766129-13768560:+	0.479	0.485	0.801	0.824
chr19:18436877-18436972:-	0.886	0.839	0.584	0.513
chr19:18437105-18437598:-	0.745	0.795	0.421	0.397
chr19:35505986-35506125:+	0.061	0.079	0.012	0.012
chr19:35505986-35510183:-	0.094	0.084	0.193	0.166
chr19:35506185-35507457:+	0.073	0.072	0.02	0.014
chr19:35508240-35509910:+	0.271	0.322	0.138	0.183
chr19:35509961-35510183:+	0.704	0.719	0.551	0.608
chr19:35509961-35510183:-	0.722	0.747	0.565	0.565
chr19:40348768-40366418:+	0.065	0.064	0.168	0.16
chr19:40365930-40366418:+	0.68	0.728	0.511	0.492
chr19:49489912-49490289:+	0.003	0.004	0.008	0.011
chr19:49489922-49490231:+	0.968	0.971	0.958	0.955
chr19:49498046-49499511:-	0.999	0.998	0.994	0.972
chr2:3575350-3575591:+	0.995	0.995	0.99	0.989
chr2:3575448-3575591:+	0.002	0.002	0.007	0.008
chr2:27037702-27038145:+	0.934	0.935	0.758	0.658
chr2:27037702-27038145:-	0.902	0.906	0.657	0.577
chr2:27771799-27772673:+	0.965	0.977	0.925	0.916
chr2:37293271-37324680:-	0.264	0.265	0.096	0.06
chr2:38748653-38748897:+	0.042	0.034	0.14	0.11
chr2:38748653-38749528:+	0.814	0.862	0.608	0.682
chr2:38748653-38749528:-	0.723	0.803	0.441	0.56
chr2:38749346-38749528:+	0.107	0.085	0.252	0.203
chr2:38749346-38749528:-	0.217	0.142	0.447	0.359
chr2:70227822-70229263:+	0.051	0.074	0.237	0.245
chr2:70227822-70229263:-	0.089	0.082	0.312	0.301
chr2:70228462-70229058:+	0.286	0.295	0.056	0.056
chr2:70229091-70229263:+	0.921	0.888	0.635	0.64
chr2:70229091-70229263:-	0.833	0.849	0.512	0.515
chr2:152677475-152679055:+	0.958	0.969	0.849	0.856
chr2:152677475-152679351:+	0.029	0.021	0.107	0.102
chr2:200881488-200882341:-	0.875	0.882	0.522	0.291
chr2:200881488-200885697:-	0.028	0.031	0.164	0.305
chr2:216113129-216116658:+	0.997	0.996	0.952	0.966
chr2:232735238-232747614:+	0.739	0.873	0.4	0.349
chr2:241268541-241272760:-	0.538	0.491	0.373	0.357
chr2:241268541-241315569:-	0.272	0.278	0.411	0.473
chr20:31561736-31566209:-	0.942	0.949	0.849	0.799
chr20:31561736-31569119:-	0.028	0.025	0.069	0.102
chr20:31722348-31723863:-	0.1	0.069	0.493	0.456
chr20:35556271-35556972:+	0.993	0.993	0.951	0.89
chr20:35556271-35556972:-	0.992	0.993	0.95	0.902
chr20:35732135-35738967:-	0.92	0.904	0.799	0.602
chr20:35734257-35738967:-	0.034	0.042	0.092	0.226
chr20:43458509-43459152:-	0.206	0.287	0.567	0.8
chr20:49280570-49289044:-	0.238	0.198	0.3	0.361
chr20:58898985-58903530:+	0.465	0.457	0.384	0.353
chr21:6995313-6997591:-	0.548	0.465	0.278	0.225
chr21:6995324-6997591:-	0.452	0.535	0.722	0.775
chr21:8224438-8226173:+	0.931	0.865	0.5	0.312
chr21:8226391-8227179:+	0.706	0.462	0.0	0.029
chr21:8407437-8409172:+	0.908	0.857	0.421	0.257
chr21:39178647-39179923:+	0.947	0.975	0.817	0.757
chr21:39178647-39179923:-	0.978	0.97	0.837	0.791
chr21:39178647-39180284:+	0.026	0.011	0.097	0.127
chr21:39178647-39180284:-	0.011	0.016	0.089	0.117
chr21:39179986-39180284:+	0.946	0.962	0.803	0.77
chr21:39179986-39180284:-	0.966	0.963	0.82	0.768
chr21:39345274-39345829:+	0.378	0.291	0.182	0.104
chr21:39345274-39345829:-	0.255	0.2	0.111	0.068
chr21:39345274-39348291:+	0.514	0.594	0.706	0.728
chr21:39345274-39348291:-	0.629	0.66	0.767	0.795
chr21:42897047-42903181:+	0.207	0.188	0.495	0.496
chr21:42897047-42903181:-	0.156	0.131	0.386	0.414
chr21:42897047-42908863:+	0.571	0.67	0.326	0.336
chr21:42897047-42908863:-	0.698	0.754	0.453	0.432
chr21:42904276-42908863:+	0.194	0.115	0.373	0.39
chr21:42904276-42908863:-	0.16	0.116	0.321	0.353
chr21:43066377-43067777:+	0.13	0.133	0.053	0.063
chr21:46235426-46236828:-	0.925	0.934	0.753	0.761
chr22:15785057-15787171:+	0.893	0.832	0.673	0.674
chr22:15785057-15788551:+	0.059	0.092	0.177	0.214
chr22:19961289-19962232:+	0.048	0.053	0.149	0.228
chr22:19961289-19962526:+	0.947	0.947	0.824	0.747
chr22:20315476-20319638:+	0.011	0.014	0.076	0.062
chr22:20316219-20319638:+	0.971	0.97	0.807	0.844
chr22:38297155-38298785:+	0.013	0.006	0.052	0.1
chr22:38297155-38298785:-	0.019	0.018	0.087	0.133
chr22:38668132-38670883:-	0.723	0.695	0.526	0.462
chr22:39316841-39317460:+	0.991	0.991	0.982	0.978
chr22:39317021-39317460:+	0.008	0.006	0.015	0.019
chr3:9464672-9470458:-	0.813	0.722	0.492	0.415
chr3:9804013-9806209:+	0.577	0.598	0.831	0.89
chr3:9804013-9810620:+	0.423	0.402	0.169	0.11
chr3:12840242-12841493:-	0.995	0.995	0.977	0.983
chr3:12840341-12841493:-	0.003	0.003	0.017	0.011
chr3:12840353-12841493:-	0.001	0.0	0.006	0.004
chr3:37096660-37129062:+	0.754	0.68	0.341	0.144
chr3:37096660-37129062:-	0.741	0.702	0.301	0.157
chr3:39407786-39410753:-	0.002	0.002	0.006	0.005
chr3:47877523-47914816:+	0.979	0.986	0.69	0.855
chr3:47877523-47914816:-	0.991	0.981	0.788	0.88
chr3:101682492-101682770:+	0.993	0.993	0.981	0.972
chr3:101682509-101682770:+	0.001	0.0	0.009	0.015
chr3:101682509-101682770:-	0.0	0.0	0.01	0.012
chr3:108047292-108051938:-	0.732	0.748	0.454	0.37
chr3:129171538-129171633:-	0.521	0.509	0.426	0.304
chr3:132578881-132579491:+	0.939	0.897	0.703	0.514
chr3:170868134-170868297:+	0.944	0.925	0.749	0.544
chr3:170868134-170868297:-	0.8	0.777	0.384	0.179
chr3:170868201-170868297:+	0.056	0.075	0.251	0.456
chr3:170868201-170868297:-	0.2	0.223	0.616	0.821
chr3:179347810-179348844:+	0.951	0.928	0.728	0.673
chr3:179347810-179348847:+	0.049	0.072	0.272	0.327
chr3:196937631-196939392:+	0.067	0.067	0.313	0.411
chr3:196937631-196939392:-	0.037	0.056	0.298	0.408
chr3:196937648-196939250:+	0.933	0.933	0.687	0.589
chr3:196937648-196939250:-	0.963	0.944	0.702	0.592
chr3:197065448-197065707:-	1.0	0.914	0.355	0.455
chr3:197065464-197065707:-	0.0	0.086	0.645	0.545
chr3:197950221-197950935:+	0.962	0.959	0.941	0.942
chr3:197950299-197950935:+	0.038	0.041	0.058	0.057
chr4:82424883-82425562:+	0.292	0.237	0.49	0.546
chr4:82424883-82425562:-	0.293	0.215	0.524	0.526
chr4:82424883-82426036:+	0.4	0.499	0.216	0.221
chr4:82424883-82426036:-	0.387	0.516	0.217	0.205
chr4:82425667-82426036:+	0.52	0.4	0.728	0.699
chr4:82425667-82426036:-	0.539	0.399	0.715	0.735
chr4:83456958-83458345:+	0.892	0.887	0.655	0.538
chr4:83456958-83458345:-	0.87	0.802	0.416	0.318
chr4:83456958-83459739:+	0.05	0.058	0.165	0.291
chr4:83456958-83459739:-	0.045	0.088	0.217	0.383
chr4:83458429-83459739:-	0.928	0.863	0.706	0.509
chr4:86693674-86701240:+	0.745	0.746	0.948	0.94
chr4:86693674-86716529:+	0.132	0.128	0.026	0.025
chr4:86701801-86716529:+	0.787	0.795	0.951	0.96
chr4:108620600-108621950:+	0.948	0.955	0.913	0.924
chr4:108620712-108621950:+	0.052	0.045	0.087	0.074
chr5:304221-306601:-	0.966	0.934	0.789	0.758
chr5:865581-870472:+	0.816	0.832	0.369	0.292
chr5:865581-870472:-	0.74	0.733	0.253	0.257
chr5:869404-870472:+	0.063	0.02	0.412	0.478
chr5:869404-870472:-	0.066	0.055	0.561	0.507
chr5:69355953-69366502:+	0.372	0.346	0.21	0.165
chr5:69355953-69366502:-	0.285	0.291	0.151	0.129
chr5:69365754-69366502:+	0.628	0.654	0.79	0.835
chr5:69365754-69366502:-	0.715	0.709	0.849	0.871
chr5:140436257-140438493:+	0.012	0.0	0.214	0.382
chr5:150447735-150449485:-	0.006	0.008	0.014	0.015
chr5:150447735-150449491:+	0.084	0.068	0.143	0.146
chr5:150447735-150449702:+	0.758	0.803	0.649	0.574
chr5:150447735-150449702:-	0.988	0.988	0.977	0.975
chr5:171388006-171390050:-	0.997	0.997	0.985	0.972
chr5:171388006-171391304:+	0.001	0.001	0.004	0.01
chr5:171388006-171391304:-	0.001	0.001	0.006	0.012
chr5:171390130-171391304:-	0.998	0.998	0.989	0.981
chr5:178207225-178209329:+	0.82	0.859	0.908	0.94
chr5:178208915-178211889:+	0.117	0.092	0.058	0.036
chr5:178208915-178211889:-	0.037	0.033	0.018	0.008
chr5:179623164-179623635:-	0.502	0.486	0.424	0.399
chr5:179879197-179879627:+	0.974	0.982	0.824	0.691
chr5:179879197-179879627:-	1.0	0.982	0.824	0.652
chr5:179879197-179888102:+	0.015	0.01	0.105	0.195
chr5:179879197-179888102:-	0.0	0.008	0.087	0.203
chr5:179879789-179888102:+	0.966	0.978	0.692	0.556
chr5:179879789-179888102:-	1.0	0.987	0.842	0.632
chr6:4133701-4135510:-	0.615	0.521	0.828	0.808
chr6:4133711-4135510:-	0.375	0.463	0.145	0.177
chr6:10723241-10724555:+	0.047	0.055	0.384	0.435
chr6:10723241-10724555:-	0.026	0.046	0.405	0.407
chr6:10723241-10724569:+	0.927	0.91	0.594	0.553
chr6:10723241-10724569:-	0.948	0.92	0.573	0.561
chr6:31538855-31539146:-	0.938	0.971	0.873	0.892
chr6:31538939-31539146:-	0.056	0.023	0.115	0.103
chr6:31644194-31644306:+	0.317	0.338	0.545	0.598
chr6:31644194-31644306:-	0.246	0.277	0.481	0.555
chr6:31644194-31644524:+	0.515	0.508	0.3	0.251
chr6:31644194-31644524:-	0.535	0.473	0.282	0.253
chr6:31644414-31644524:+	0.259	0.286	0.482	0.543
chr6:31644414-31644524:-	0.337	0.422	0.606	0.617
chr6:31835451-31836423:+	0.598	0.63	0.52	0.518
chr6:31835451-31836423:-	0.693	0.69	0.629	0.622
chr6:31835451-31837235:+	0.228	0.204	0.293	0.297
chr6:31835451-31837235:-	0.207	0.206	0.256	0.259
chr6:31836517-31837235:+	0.624	0.659	0.542	0.532
chr6:31836517-31837235:-	0.544	0.553	0.471	0.474
chr6:35469027-35469380:+	0.98	0.979	0.962	0.96
chr6:35469027-35469380:-	0.975	0.98	0.95	0.95
chr6:35469285-35469380:+	0.019	0.019	0.035	0.036
chr6:35469285-35469380:-	0.021	0.017	0.047	0.045
chr6:36598983-36599820:+	0.022	0.048	0.151	0.12
chr6:36598983-36599820:-	0.045	0.06	0.165	0.148
chr6:36598983-36601151:+	0.912	0.895	0.72	0.736
chr6:36598983-36601151:-	0.909	0.896	0.737	0.734
chr6:36600276-36601151:+	0.069	0.063	0.174	0.182
chr6:36600276-36601151:-	0.049	0.05	0.138	0.159
chr6:42879951-42880860:+	0.953	0.946	0.894	0.802
chr6:43771312-43774340:+	0.8	0.77	0.905	0.913
chr6:43772101-43774340:+	0.2	0.209	0.09	0.087
chr6:83162919-83167861:-	0.939	0.938	0.4	0.289
chr6:85536924-85541984:-	0.2	0.193	0.495	0.489
chr6:99402710-99404602:+	0.058	0.046	0.213	0.22
chr6:99550309-99550992:+	0.976	0.972	0.741	0.819
chr6:132815088-132816460:+	0.967	0.973	0.953	0.946
chr6:132815088-132816460:-	0.983	0.984	0.971	0.962
chr6:132815224-132816460:+	0.033	0.027	0.047	0.054
chr6:132815224-132816460:-	0.017	0.016	0.029	0.038
chr7:26190460-26190992:-	0.859	0.851	0.602	0.386
chr7:26190460-26192494:+	0.017	0.013	0.057	0.085
chr7:26190460-26192494:-	0.011	0.008	0.071	0.085
chr7:26192338-26192494:+	0.89	0.91	0.789	0.822
chr7:26192338-26192494:-	0.873	0.903	0.782	0.821
chr7:44796793-44798747:-	0.089	0.079	0.12	0.117
chr7:45103443-45104098:+	0.93	0.944	0.741	0.725
chr7:45104256-45104537:+	0.939	0.935	0.736	0.702
chr7:56073111-56074173:-	0.844	0.891	0.74	0.747
chr7:56073111-56074585:+	0.062	0.061	0.118	0.103
chr7:56073111-56074585:-	0.05	0.038	0.112	0.091
chr7:56074218-56074585:-	0.826	0.88	0.744	0.743
chr7:72952295-72953325:-	0.763	0.725	0.563	0.493
chr7:72954479-72954624:-	0.797	0.822	0.589	0.552
chr7:74189918-74190246:+	0.11	0.109	0.186	0.428
chr7:74189918-74190246:-	0.147	0.155	0.255	0.535
chr7:74189918-74194740:+	0.83	0.819	0.69	0.401
chr7:74189918-74194740:-	0.77	0.778	0.637	0.345
chr7:74190306-74194740:+	0.075	0.091	0.181	0.426
chr7:97869179-97872350:-	0.007	0.005	0.014	0.025
chr7:97869813-97872350:-	0.961	0.964	0.92	0.899
chr7:97871996-97872350:-	0.011	0.013	0.03	0.032
chr7:100356883-100358226:-	0.008	0.007	0.117	0.148
chr7:134294961-134295079:-	0.107	0.103	0.295	0.405
chr7:134295079-134296390:-	0.879	0.868	0.639	0.574
chr7:141006535-141009674:+	0.0	0.0	0.027	0.061
chr7:141006535-141010418:+	1.0	1.0	0.973	0.939
chr7:141010660-141014550:-	0.118	0.1	0.197	0.241
chr8:66922392-66922613:-	0.751	0.726	0.582	0.543
chr8:66922392-66925436:-	0.099	0.109	0.168	0.204
chr8:102836390-102838743:-	0.966	0.969	0.878	0.86
chr8:102836541-102838743:-	0.034	0.031	0.122	0.14
chr8:108203117-108203400:+	0.997	0.998	0.968	0.945
chr8:108203138-108203400:+	0.003	0.002	0.032	0.055
chr8:108242346-108248612:-	0.001	0.002	0.014	0.022
chr9:35813145-35813265:+	0.957	0.963	0.839	0.772
chr9:35813145-35813265:-	0.982	0.966	0.808	0.775
chr9:35813156-35813265:+	0.043	0.037	0.161	0.228
chr9:35813156-35813265:-	0.018	0.034	0.192	0.225
chr9:92258998-92260150:-	0.963	0.963	0.908	0.887
chr9:92260234-92262968:-	0.959	0.961	0.893	0.882
chr9:92265123-92265479:+	0.989	0.988	0.94	0.947
chr9:92268300-92269884:-	0.969	0.965	0.92	0.904
chr9:92271655-92274425:-	0.974	0.974	0.917	0.915
chr9:92274521-92277862:-	0.969	0.969	0.91	0.9
chr9:92277923-92278198:-	0.973	0.973	0.916	0.913
chr9:92278286-92280745:-	0.971	0.971	0.911	0.89
chr9:92280893-92285721:-	0.972	0.971	0.914	0.903
chr9:92285839-92286535:-	0.97	0.969	0.909	0.895
chr9:92286618-92287790:-	0.971	0.972	0.909	0.905
chr9:92287910-92288125:+	0.99	0.991	0.954	0.956
chr9:92287910-92288125:-	0.964	0.965	0.902	0.893
chr9:122261498-122264714:-	0.012	0.028	0.307	0.399
chr9:122261508-122264714:-	0.988	0.972	0.693	0.601
chr9:127450804-127451049:+	0.008	0.005	0.023	0.028
chr9:127450804-127451049:-	0.007	0.009	0.021	0.03
chr9:127450804-127451280:+	0.991	0.995	0.976	0.971
chr9:127450804-127451280:-	0.992	0.99	0.978	0.97
chr9:135501973-135503541:+	0.955	0.971	0.84	0.827
chr9:136862345-136862905:+	0.948	0.938	0.886	0.885
chr9:136862345-136862905:-	0.924	0.895	0.807	0.78
chr9:136862496-136862905:+	0.051	0.054	0.107	0.103
chr9:136862496-136862905:-	0.065	0.08	0.175	0.169
chrX:23783883-23784293:+	0.632	0.556	0.302	0.251
chrX:23783883-23785327:+	0.24	0.275	0.519	0.559
chrX:23783883-23785327:-	0.232	0.461	0.671	0.685
chrX:23784403-23785327:+	0.59	0.582	0.307	0.3
chrX:47199614-47200409:+	0.0	0.0	0.045	0.032
chrX:47199614-47200893:+	1.0	1.0	0.902	0.934
chrX:47199614-47200893:-	1.0	0.994	0.795	0.84
chrX:47200544-47200893:+	0.0	0.0	0.058	0.036
chrX:47200544-47200893:-	0.0	0.0	0.106	0.122
chrX:47218664-47223551:-	0.075	0.148	0.369	0.477
chrX:73821029-73822070:+	0.856	0.828	0.769	0.658
chrX:73821029-73822070:-	0.897	0.839	0.786	0.682
chrX:73821029-73826114:+	0.072	0.086	0.116	0.187
chrX:73821029-73826737:+	0.022	0.022	0.04	0.046
chrX:73822216-73826114:+	0.748	0.747	0.644	0.537
chrX:73827928-73829067:+	0.348	0.341	0.268	0.254
chrX:73827928-73829067:-	0.162	0.163	0.117	0.098
chrX:73827984-73829067:+	0.637	0.65	0.721	0.742
chrX:73827984-73829067:-	0.824	0.827	0.877	0.897
chrX:103215238-103215681:+	0.941	0.962	0.812	0.867
chrX:103215238-103215681:-	0.94	0.969	0.767	0.789
chrX:103215238-103216148:+	0.041	0.026	0.135	0.098
chrX:103215238-103216148:-	0.025	0.013	0.111	0.086
chrX:103215764-103216148:+	0.882	0.92	0.675	0.732
chrX:103215764-103216148:-	0.96	0.977	0.825	0.873
chrX:103356606-103357082:+	0.871	0.83	0.732	0.732
chrX:103356606-103357614:+	0.098	0.12	0.199	0.206
chrX:103678600-103685170:+	0.277	0.271	0.198	0.183
chrX:106612087-106612573:+	0.0	0.0	0.952	0.976
chrX:106612087-106612586:+	1.0	1.0	0.048	0.024
chrX:108722523-108723001:+	0.766	0.78	0.53	0.501
chrX:108722523-108723001:-	0.7	0.727	0.541	0.431
chrX:108722523-108732578:+	0.157	0.147	0.327	0.336
chrX:108731897-108732578:+	0.288	0.269	0.13	0.134
chrX:119790011-119791573:-	1.0	1.0	0.999	0.998
chrX:120431462-120441729:+	0.281	0.29	0.518	0.627
chrX:120431462-120441729:-	0.234	0.238	0.377	0.477
chrX:120439293-120441729:+	0.719	0.71	0.482	0.373
chrX:120439293-120441729:-	0.766	0.762	0.623	0.523
chrX:124090764-124094017:+	0.662	0.602	0.458	0.456
chrX:124090964-124094017:+	0.197	0.261	0.396	0.404
chrX:136872345-136873245:-	0.681	0.802	0.404	0.528
chrX:154399941-154400463:+	0.981	0.983	0.973	0.965
chrX:154399941-154400463:-	0.953	0.958	0.928	0.911
chrX:154399941-154400701:+	0.011	0.01	0.017	0.023
chrX:154399941-154400701:-	0.023	0.019	0.035	0.046
chrX:154400626-154400701:+	0.968	0.97	0.95	0.934
chrX:154400626-154400701:-	0.954	0.96	0.929	0.91
